instructie;en;nl;af;sq;am;ar;hy;as;az;eu;bn;my;bs;bg;ca;zh;da;de;et;fo;fi;fr;gl;ka;el;gu;he;hi;hu;ga;is;id;it;ja;kn;kk;km;ko;hr;lo;lv;lt;mk;ms;ml;mr;mn;ne;no;uk;or;ug;uz;fa;pl;pt;pa;ro;ru;sr;si;sk;sl;es;sw;ta;te;th;bo;cs;tr;ur;vi;cy;be;zu;sv;catalog;key;variation
Vertaal deze tekst.;;;;;;;;;;;;;;;;;;;;;;;;;;;;;;;;;;;;;;;;;;;;;;;;;;;;;;;;;;;;;;;;;;;;;;;;;;;;;;app;;
Streef naar ± 1 tekens (UI-ruimte). Mogelijk niet vertalen (merknaam/symbool/getal).; ; ;;;;;;;;;;;;;;;;;;;;;;;;;;;;;;;;;;;;;;;;;;;;;;;;;;;;;;;;;;;;;;;;;;;;;;;;;;;;app; ;
Streef naar ± 12 tekens (UI-ruimte).; of the app; over de app;;;;;;;;;;;;;;;;;;;;;;;;;;;;;;;;;;;;;;;;;;;;;;;;;;;;;;;;;;;;;;;;;;;;;;;;;;;;app; over de app;
Behoud de dynamische plaatshouders exact en in dezelfde volgorde: %@ (%@ = tekst, %lld = getal). Niet vertalen. Streef naar ± 11 tekens (UI-ruimte).;Edit %@;%@ bewerken;;;;;;;;;;;;;;;;;;;;;;;;;;;;;;;;;;;;;;;;;;;;;;;;;;;;;;;;;;;;;;;;;;;;;;;;;;;;app;%@ bewerken;
Behoud de dynamische plaatshouders exact en in dezelfde volgorde: %@, %@ (%@ = tekst, %lld = getal). Niet vertalen. Behoud speciale tekens: ·. Streef naar ± 11 tekens (UI-ruimte). Mogelijk niet vertalen (merknaam/symbool/getal).;%1$@ · %2$@;%1$@ · %2$@;;;;;;;;;;;;;;;;;;;;;;;;;;;;;;;;;;;;;;;;;;;;;;;;;;;;;;;;;;;;;;;;;;;;;;;;;;;;app;%@ · %@;
Behoud de dynamische plaatshouders exact en in dezelfde volgorde: %@, %lld (%@ = tekst, %lld = getal). Niet vertalen. Behoud speciale tekens: ·. Streef naar ± 19 tekens (UI-ruimte).;%1$@ · %2$lld years;%1$@ · %2$lld jaar;;;;;;;;;;;;;;;;;;;;;;;;;;;;;;;;;;;;;;;;;;;;;;;;;;;;;;;;;;;;;;;;;;;;;;;;;;;;app;%@ · %lld jaar;
Behoud de dynamische plaatshouders exact en in dezelfde volgorde: %@, %@ (%@ = tekst, %lld = getal). Niet vertalen. Behoud speciale tekens: —. Streef naar ± 11 tekens (UI-ruimte). Mogelijk niet vertalen (merknaam/symbool/getal).;%1$@ — %2$@;%1$@ — %2$@;;;;;;;;;;;;;;;;;;;;;;;;;;;;;;;;;;;;;;;;;;;;;;;;;;;;;;;;;;;;;;;;;;;;;;;;;;;;app;%@ — %@;
Behoud de dynamische plaatshouders exact en in dezelfde volgorde: %@, %@ (%@ = tekst, %lld = getal). Niet vertalen. Streef naar ± 8 tekens (UI-ruimte). Mogelijk niet vertalen (merknaam/symbool/getal).;%1$@%2$@;%1$@%2$@;;;;;;;;;;;;;;;;;;;;;;;;;;;;;;;;;;;;;;;;;;;;;;;;;;;;;;;;;;;;;;;;;;;;;;;;;;;;app;%@%@;
Behoud de dynamische plaatshouders exact en in dezelfde volgorde: %@, %@ (%@ = tekst, %lld = getal). Niet vertalen. Streef naar ± 10 tekens (UI-ruimte). Mogelijk niet vertalen (merknaam/symbool/getal).;%1$@, %2$@;%1$@, %2$@;;;;;;;;;;;;;;;;;;;;;;;;;;;;;;;;;;;;;;;;;;;;;;;;;;;;;;;;;;;;;;;;;;;;;;;;;;;;app;%@, %@;
Behoud de dynamische plaatshouders exact en in dezelfde volgorde: %@, %lld (%@ = tekst, %lld = getal). Niet vertalen. Streef naar ± 18 tekens (UI-ruimte).;%1$@, %2$lld items;%@, %lld items;;;;;;;;;;;;;;;;;;;;;;;;;;;;;;;;;;;;;;;;;;;;;;;;;;;;;;;;;;;;;;;;;;;;;;;;;;;;app;%@, %lld items;
Behoud de dynamische plaatshouders exact en in dezelfde volgorde: %@ (%@ = tekst, %lld = getal). Niet vertalen. Streef naar ± 20 tekens (UI-ruimte).;%@, move task;%@, taak verplaatsen;;;;;;;;;;;;;;;;;;;;;;;;;;;;;;;;;;;;;;;;;;;;;;;;;;;;;;;;;;;;;;;;;;;;;;;;;;;;app;%@, taak verplaatsen;
Behoud de dynamische plaatshouders exact en in dezelfde volgorde: %lld (%@ = tekst, %lld = getal). Niet vertalen. Streef naar ± 4 tekens (UI-ruimte). Mogelijk niet vertalen (merknaam/symbool/getal).;%lld;%lld;;;;;;;;;;;;;;;;;;;;;;;;;;;;;;;;;;;;;;;;;;;;;;;;;;;;;;;;;;;;;;;;;;;;;;;;;;;;app;%lld;
Behoud de dynamische plaatshouders exact en in dezelfde volgorde: %lld (%@ = tekst, %lld = getal). Niet vertalen. Streef naar ± 14 tekens (UI-ruimte).;%lld completed;%lld afgerond;;;;;;;;;;;;;;;;;;;;;;;;;;;;;;;;;;;;;;;;;;;;;;;;;;;;;;;;;;;;;;;;;;;;;;;;;;;;app;%lld afgerond;
Meervoudsvorm 'one' (one=enkelvoud, other=meervoud). Gebruik de telregels van de doeltaal. Behoud de dynamische plaatshouders exact en in dezelfde volgorde: %lld (%@ = tekst, %lld = getal). Niet vertalen. Streef naar ± 8 tekens (UI-ruimte).;%lld day;%lld dag;;;;;;;;;;;;;;;;;;;;;;;;;;;;;;;;;;;;;;;;;;;;;;;;;;;;;;;;;;;;;;;;;;;;;;;;;;;;app;%lld dagen;plural.one
Meervoudsvorm 'other' (one=enkelvoud, other=meervoud). Gebruik de telregels van de doeltaal. Behoud de dynamische plaatshouders exact en in dezelfde volgorde: %lld (%@ = tekst, %lld = getal). Niet vertalen. Streef naar ± 10 tekens (UI-ruimte).;%lld days;%lld dagen;;;;;;;;;;;;;;;;;;;;;;;;;;;;;;;;;;;;;;;;;;;;;;;;;;;;;;;;;;;;;;;;;;;;;;;;;;;;app;%lld dagen;plural.other
Meervoudsvorm 'one' (one=enkelvoud, other=meervoud). Gebruik de telregels van de doeltaal. Behoud de dynamische plaatshouders exact en in dezelfde volgorde: %lld (%@ = tekst, %lld = getal). Niet vertalen. Streef naar ± 13 tekens (UI-ruimte).;%lld day open;%lld dag open;;;;;;;;;;;;;;;;;;;;;;;;;;;;;;;;;;;;;;;;;;;;;;;;;;;;;;;;;;;;;;;;;;;;;;;;;;;;app;%lld dagen open;plural.one
Meervoudsvorm 'other' (one=enkelvoud, other=meervoud). Gebruik de telregels van de doeltaal. Behoud de dynamische plaatshouders exact en in dezelfde volgorde: %lld (%@ = tekst, %lld = getal). Niet vertalen. Streef naar ± 15 tekens (UI-ruimte).;%lld days open;%lld dagen open;;;;;;;;;;;;;;;;;;;;;;;;;;;;;;;;;;;;;;;;;;;;;;;;;;;;;;;;;;;;;;;;;;;;;;;;;;;;app;%lld dagen open;plural.other
Meervoudsvorm 'one' (one=enkelvoud, other=meervoud). Gebruik de telregels van de doeltaal. Behoud de dynamische plaatshouders exact en in dezelfde volgorde: %lld (%@ = tekst, %lld = getal). Niet vertalen. Streef naar ± 19 tekens (UI-ruimte).;%lld day in advance;%lld dag vooraf;;;;;;;;;;;;;;;;;;;;;;;;;;;;;;;;;;;;;;;;;;;;;;;;;;;;;;;;;;;;;;;;;;;;;;;;;;;;app;%lld dagen vooraf;plural.one
Meervoudsvorm 'other' (one=enkelvoud, other=meervoud). Gebruik de telregels van de doeltaal. Behoud de dynamische plaatshouders exact en in dezelfde volgorde: %lld (%@ = tekst, %lld = getal). Niet vertalen. Streef naar ± 20 tekens (UI-ruimte).;%lld days in advance;%lld dagen vooraf;;;;;;;;;;;;;;;;;;;;;;;;;;;;;;;;;;;;;;;;;;;;;;;;;;;;;;;;;;;;;;;;;;;;;;;;;;;;app;%lld dagen vooraf;plural.other
Meervoudsvorm 'one' (one=enkelvoud, other=meervoud). Gebruik de telregels van de doeltaal. Behoud de dynamische plaatshouders exact en in dezelfde volgorde: %lld (%@ = tekst, %lld = getal). Niet vertalen. Streef naar ± 11 tekens (UI-ruimte).;%lld degree;%lld graad;;;;;;;;;;;;;;;;;;;;;;;;;;;;;;;;;;;;;;;;;;;;;;;;;;;;;;;;;;;;;;;;;;;;;;;;;;;;app;%lld graden;plural.one
Meervoudsvorm 'other' (one=enkelvoud, other=meervoud). Gebruik de telregels van de doeltaal. Behoud de dynamische plaatshouders exact en in dezelfde volgorde: %lld (%@ = tekst, %lld = getal). Niet vertalen. Streef naar ± 12 tekens (UI-ruimte).;%lld degrees;%lld graden;;;;;;;;;;;;;;;;;;;;;;;;;;;;;;;;;;;;;;;;;;;;;;;;;;;;;;;;;;;;;;;;;;;;;;;;;;;;app;%lld graden;plural.other
Meervoudsvorm 'one' (one=enkelvoud, other=meervoud). Gebruik de telregels van de doeltaal. Behoud de dynamische plaatshouders exact en in dezelfde volgorde: %lld (%@ = tekst, %lld = getal). Niet vertalen. Streef naar ± 22 tekens (UI-ruimte).;%lld degree, check off;%lld graad, afvinken;;;;;;;;;;;;;;;;;;;;;;;;;;;;;;;;;;;;;;;;;;;;;;;;;;;;;;;;;;;;;;;;;;;;;;;;;;;;app;%lld graden, afvinken;plural.one
Meervoudsvorm 'other' (one=enkelvoud, other=meervoud). Gebruik de telregels van de doeltaal. Behoud de dynamische plaatshouders exact en in dezelfde volgorde: %lld (%@ = tekst, %lld = getal). Niet vertalen. Streef naar ± 23 tekens (UI-ruimte).;%lld degrees, check off;%lld graden, afvinken;;;;;;;;;;;;;;;;;;;;;;;;;;;;;;;;;;;;;;;;;;;;;;;;;;;;;;;;;;;;;;;;;;;;;;;;;;;;app;%lld graden, afvinken;plural.other
Meervoudsvorm 'one' (one=enkelvoud, other=meervoud). Gebruik de telregels van de doeltaal. Behoud de dynamische plaatshouders exact en in dezelfde volgorde: %lld (%@ = tekst, %lld = getal). Niet vertalen. Streef naar ± 33 tekens (UI-ruimte).;%lld degree, mark as completed;%lld graad, afvinken als afgerond;;;;;;;;;;;;;;;;;;;;;;;;;;;;;;;;;;;;;;;;;;;;;;;;;;;;;;;;;;;;;;;;;;;;;;;;;;;;app;%lld graden, afvinken als afgerond;plural.one
Meervoudsvorm 'other' (one=enkelvoud, other=meervoud). Gebruik de telregels van de doeltaal. Behoud de dynamische plaatshouders exact en in dezelfde volgorde: %lld (%@ = tekst, %lld = getal). Niet vertalen. Streef naar ± 34 tekens (UI-ruimte).;%lld degrees, mark as completed;%lld graden, afvinken als afgerond;;;;;;;;;;;;;;;;;;;;;;;;;;;;;;;;;;;;;;;;;;;;;;;;;;;;;;;;;;;;;;;;;;;;;;;;;;;;app;%lld graden, afvinken als afgerond;plural.other
Behoud de dynamische plaatshouders exact en in dezelfde volgorde: %lld (%@ = tekst, %lld = getal). Niet vertalen. Streef naar ± 25 tekens (UI-ruimte).;%lld in the last 7 days;%lld in afgelopen 7 dagen;;;;;;;;;;;;;;;;;;;;;;;;;;;;;;;;;;;;;;;;;;;;;;;;;;;;;;;;;;;;;;;;;;;;;;;;;;;;app;%lld in afgelopen 7 dagen;
Behoud de dynamische plaatshouders exact en in dezelfde volgorde: %lld (%@ = tekst, %lld = getal). Niet vertalen. Streef naar ± 9 tekens (UI-ruimte). Mogelijk niet vertalen (merknaam/symbool/getal).;%lld open;%lld open;;;;;;;;;;;;;;;;;;;;;;;;;;;;;;;;;;;;;;;;;;;;;;;;;;;;;;;;;;;;;;;;;;;;;;;;;;;;app;%lld open;
Behoud de dynamische plaatshouders exact en in dezelfde volgorde: %lld, %lld (%@ = tekst, %lld = getal). Niet vertalen. Streef naar ± 13 tekens (UI-ruimte). Mogelijk niet vertalen (merknaam/symbool/getal).;%1$lld/%2$lld;%1$lld/%2$lld;;;;;;;;;;;;;;;;;;;;;;;;;;;;;;;;;;;;;;;;;;;;;;;;;;;;;;;;;;;;;;;;;;;;;;;;;;;;app;%lld/%lld;
Behoud de dynamische plaatshouders exact en in dezelfde volgorde: %lld (%@ = tekst, %lld = getal). Niet vertalen. Streef naar ± 6 tekens (UI-ruimte).;%lldth;%llde;;;;;;;;;;;;;;;;;;;;;;;;;;;;;;;;;;;;;;;;;;;;;;;;;;;;;;;;;;;;;;;;;;;;;;;;;;;;app;%llde;
Behoud de dynamische plaatshouders exact en in dezelfde volgorde: %lld (%@ = tekst, %lld = getal). Niet vertalen. Behoud speciale tekens: °. Streef naar ± 5 tekens (UI-ruimte). Mogelijk niet vertalen (merknaam/symbool/getal).;%lld°;%lld°;;;;;;;;;;;;;;;;;;;;;;;;;;;;;;;;;;;;;;;;;;;;;;;;;;;;;;;;;;;;;;;;;;;;;;;;;;;;app;%lld°;
Streef naar ± 1 tekens (UI-ruimte). Mogelijk niet vertalen (merknaam/symbool/getal).;0;0;;;;;;;;;;;;;;;;;;;;;;;;;;;;;;;;;;;;;;;;;;;;;;;;;;;;;;;;;;;;;;;;;;;;;;;;;;;;app;0;
Streef naar ± 23 tekens (UI-ruimte).;0 = today, 1 = tomorrow;0 = vandaag, 1 = morgen;;;;;;;;;;;;;;;;;;;;;;;;;;;;;;;;;;;;;;;;;;;;;;;;;;;;;;;;;;;;;;;;;;;;;;;;;;;;app;0 = vandaag, 1 = morgen;
Streef naar ± 6 tekens (UI-ruimte).;1 year;1 jaar;;;;;;;;;;;;;;;;;;;;;;;;;;;;;;;;;;;;;;;;;;;;;;;;;;;;;;;;;;;;;;;;;;;;;;;;;;;;app;1 jaar;
Streef naar ± 19 tekens (UI-ruimte).;January 1 in week 1;1 januari in week 1;;;;;;;;;;;;;;;;;;;;;;;;;;;;;;;;;;;;;;;;;;;;;;;;;;;;;;;;;;;;;;;;;;;;;;;;;;;;app;1 januari in week 1;
Streef naar ± 6 tekens (UI-ruimte). Mogelijk niet vertalen (merknaam/symbool/getal).;1 open;1 open;;;;;;;;;;;;;;;;;;;;;;;;;;;;;;;;;;;;;;;;;;;;;;;;;;;;;;;;;;;;;;;;;;;;;;;;;;;;app;1 open;
Streef naar ± 9 tekens (UI-ruimte).;1.5 years;1,5 jaar;;;;;;;;;;;;;;;;;;;;;;;;;;;;;;;;;;;;;;;;;;;;;;;;;;;;;;;;;;;;;;;;;;;;;;;;;;;;app;1,5 jaar;
Streef naar ± 7 tekens (UI-ruimte).;2 years;2 jaar;;;;;;;;;;;;;;;;;;;;;;;;;;;;;;;;;;;;;;;;;;;;;;;;;;;;;;;;;;;;;;;;;;;;;;;;;;;;app;2 jaar;
Streef naar ± 4 tekens (UI-ruimte). Mogelijk niet vertalen (merknaam/symbool/getal).;2000;2000;;;;;;;;;;;;;;;;;;;;;;;;;;;;;;;;;;;;;;;;;;;;;;;;;;;;;;;;;;;;;;;;;;;;;;;;;;;;app;2000;
Streef naar ± 9 tekens (UI-ruimte).;3 months;3 maanden;;;;;;;;;;;;;;;;;;;;;;;;;;;;;;;;;;;;;;;;;;;;;;;;;;;;;;;;;;;;;;;;;;;;;;;;;;;;app;3 maanden;
Streef naar ± 9 tekens (UI-ruimte).;6 months;6 maanden;;;;;;;;;;;;;;;;;;;;;;;;;;;;;;;;;;;;;;;;;;;;;;;;;;;;;;;;;;;;;;;;;;;;;;;;;;;;app;6 maanden;
Streef naar ± 1 tekens (UI-ruimte). Mogelijk niet vertalen (merknaam/symbool/getal).;7;7;;;;;;;;;;;;;;;;;;;;;;;;;;;;;;;;;;;;;;;;;;;;;;;;;;;;;;;;;;;;;;;;;;;;;;;;;;;;app;7;
Streef naar ± 9 tekens (UI-ruimte).;9 months;9 maanden;;;;;;;;;;;;;;;;;;;;;;;;;;;;;;;;;;;;;;;;;;;;;;;;;;;;;;;;;;;;;;;;;;;;;;;;;;;;app;9 maanden;
Streef naar ± 11 tekens (UI-ruimte).;Get Started;Aan de slag;;;;;;;;;;;;;;;;;;;;;;;;;;;;;;;;;;;;;;;;;;;;;;;;;;;;;;;;;;;;;;;;;;;;;;;;;;;;app;Aan de slag;
Streef naar ± 10 tekens (UI-ruimte).;Created;Aangemaakt;;;;;;;;;;;;;;;;;;;;;;;;;;;;;;;;;;;;;;;;;;;;;;;;;;;;;;;;;;;;;;;;;;;;;;;;;;;;app;Aangemaakt;
Streef naar ± 6 tekens (UI-ruimte).;Number;Aantal;;;;;;;;;;;;;;;;;;;;;;;;;;;;;;;;;;;;;;;;;;;;;;;;;;;;;;;;;;;;;;;;;;;;;;;;;;;;app;Aantal;
Streef naar ± 21 tekens (UI-ruimte).;Number of Days Before;Aantal dagen vooraf;;;;;;;;;;;;;;;;;;;;;;;;;;;;;;;;;;;;;;;;;;;;;;;;;;;;;;;;;;;;;;;;;;;;;;;;;;;;app;Aantal dagen vooraf;
Streef naar ± 16 tekens (UI-ruimte).;Number to Show;Aantal weergeven;;;;;;;;;;;;;;;;;;;;;;;;;;;;;;;;;;;;;;;;;;;;;;;;;;;;;;;;;;;;;;;;;;;;;;;;;;;;app;Aantal weergeven;
Streef naar ± 7 tekens (UI-ruimte). Mogelijk niet vertalen (merknaam/symbool/getal).;Account;Account;;;;;;;;;;;;;;;;;;;;;;;;;;;;;;;;;;;;;;;;;;;;;;;;;;;;;;;;;;;;;;;;;;;;;;;;;;;;app;Account;
Streef naar ± 6 tekens (UI-ruimte).;Active;Actief;;;;;;;;;;;;;;;;;;;;;;;;;;;;;;;;;;;;;;;;;;;;;;;;;;;;;;;;;;;;;;;;;;;;;;;;;;;;app;Actief;
Streef naar ± 13 tekens (UI-ruimte).;Action Button;Actieknop;;;;;;;;;;;;;;;;;;;;;;;;;;;;;;;;;;;;;;;;;;;;;;;;;;;;;;;;;;;;;;;;;;;;;;;;;;;;app;Actieknop;
Streef naar ± 23 tekens (UI-ruimte).;Configure Action Button;Actieknop configureren;;;;;;;;;;;;;;;;;;;;;;;;;;;;;;;;;;;;;;;;;;;;;;;;;;;;;;;;;;;;;;;;;;;;;;;;;;;;app;Actieknop configureren;
Behoud de dynamische plaatshouders exact en in dezelfde volgorde: %@ (%@ = tekst, %lld = getal). Niet vertalen. Streef naar ± 14 tekens (UI-ruimte).;Actions for %@;Acties voor %@;;;;;;;;;;;;;;;;;;;;;;;;;;;;;;;;;;;;;;;;;;;;;;;;;;;;;;;;;;;;;;;;;;;;;;;;;;;;app;Acties voor %@;
Streef naar ± 13 tekens (UI-ruimte).;Add Item;Voeg item toe;;;;;;;;;;;;;;;;;;;;;;;;;;;;;;;;;;;;;;;;;;;;;;;;;;;;;;;;;;;;;;;;;;;;;;;;;;;;app;Add Item;
Streef naar ± 18 tekens (UI-ruimte).;Last 10 Weeks;Afgelopen 10 weken;;;;;;;;;;;;;;;;;;;;;;;;;;;;;;;;;;;;;;;;;;;;;;;;;;;;;;;;;;;;;;;;;;;;;;;;;;;;app;Afgelopen 10 weken;
Streef naar ± 20 tekens (UI-ruimte).;Last 12 Months;Afgelopen 12 maanden;;;;;;;;;;;;;;;;;;;;;;;;;;;;;;;;;;;;;;;;;;;;;;;;;;;;;;;;;;;;;;;;;;;;;;;;;;;;app;Afgelopen 12 maanden;
Streef naar ± 17 tekens (UI-ruimte).;Last 7 Days;Afgelopen 7 dagen;;;;;;;;;;;;;;;;;;;;;;;;;;;;;;;;;;;;;;;;;;;;;;;;;;;;;;;;;;;;;;;;;;;;;;;;;;;;app;Afgelopen 7 dagen;
Streef naar ± 8 tekens (UI-ruimte).;Finished;Afgerond;;;;;;;;;;;;;;;;;;;;;;;;;;;;;;;;;;;;;;;;;;;;;;;;;;;;;;;;;;;;;;;;;;;;;;;;;;;;app;Afgerond;
Streef naar ± 25 tekens (UI-ruimte).;Clear completed items;Afgeronde items opschonen;;;;;;;;;;;;;;;;;;;;;;;;;;;;;;;;;;;;;;;;;;;;;;;;;;;;;;;;;;;;;;;;;;;;;;;;;;;;app;Afgerond opschonen;
Streef naar ± 21 tekens (UI-ruimte).;Delete Finished?;Afgerond verwijderen?;;;;;;;;;;;;;;;;;;;;;;;;;;;;;;;;;;;;;;;;;;;;;;;;;;;;;;;;;;;;;;;;;;;;;;;;;;;;app;Afgerond verwijderen?;
Streef naar ± 34 tekens (UI-ruimte).;Download completed items as CSV;Afgeronde items downloaden als CSV;;;;;;;;;;;;;;;;;;;;;;;;;;;;;;;;;;;;;;;;;;;;;;;;;;;;;;;;;;;;;;;;;;;;;;;;;;;;app;Afgeronde items downloaden als CSV;
Streef naar ± 53 tekens (UI-ruimte).;Completed items per day over the past seven days;Afgeronde items per dag over de afgelopen zeven dagen;;;;;;;;;;;;;;;;;;;;;;;;;;;;;;;;;;;;;;;;;;;;;;;;;;;;;;;;;;;;;;;;;;;;;;;;;;;;app;Afgeronde items per dag over de afgelopen zeven dagen;
Streef naar ± 79 tekens (UI-ruimte).;Completed items appear here automatically and can always be restored.;Afgeronde items verschijnen hier automatisch en kun je altijd weer terugzetten.;;;;;;;;;;;;;;;;;;;;;;;;;;;;;;;;;;;;;;;;;;;;;;;;;;;;;;;;;;;;;;;;;;;;;;;;;;;;app;Afgeronde items verschijnen hier automatisch en kun je altijd weer terugzetten.;
Streef naar ± 21 tekens (UI-ruimte).;Truncate long text;Lange tekst afsnijden;;;;;;;;;;;;;;;;;;;;;;;;;;;;;;;;;;;;;;;;;;;;;;;;;;;;;;;;;;;;;;;;;;;;;;;;;;;;app;Afsnijden als het te lang is;
Streef naar ± 12 tekens (UI-ruimte).;Mark as Done;Afvinken;;;;;;;;;;;;;;;;;;;;;;;;;;;;;;;;;;;;;;;;;;;;;;;;;;;;;;;;;;;;;;;;;;;;;;;;;;;;app;Afvinken;
Streef naar ± 8 tekens (UI-ruimte).;Calendar;Agenda;;;;;;;;;;;;;;;;;;;;;;;;;;;;;;;;;;;;;;;;;;;;;;;;;;;;;;;;;;;;;;;;;;;;;;;;;;;;app;Agenda;
Streef naar ± 20 tekens (UI-ruimte).;Load Calendar Ahead;Agenda vooruit laden;;;;;;;;;;;;;;;;;;;;;;;;;;;;;;;;;;;;;;;;;;;;;;;;;;;;;;;;;;;;;;;;;;;;;;;;;;;;app;Agenda vooruit laden;
Streef naar ± 13 tekens (UI-ruimte).;Calendar item;Agenda-item;;;;;;;;;;;;;;;;;;;;;;;;;;;;;;;;;;;;;;;;;;;;;;;;;;;;;;;;;;;;;;;;;;;;;;;;;;;;app;Agenda-item;
Streef naar ± 8 tekens (UI-ruimte).;General;Algemeen;;;;;;;;;;;;;;;;;;;;;;;;;;;;;;;;;;;;;;;;;;;;;;;;;;;;;;;;;;;;;;;;;;;;;;;;;;;;app;Algemeen;
Streef naar ± 103 tekens (UI-ruimte).;All finished and deleted items will be permanently deleted. This cannot be undone.;Alle afgeronde en verwijderde items worden definitief verwijderd. Dit kan niet ongedaan worden gemaakt.;;;;;;;;;;;;;;;;;;;;;;;;;;;;;;;;;;;;;;;;;;;;;;;;;;;;;;;;;;;;;;;;;;;;;;;;;;;;app;Alle afgeronde en verwijderde items worden definitief verwijderd. Dit kan niet ongedaan worden gemaakt.;
Streef naar ± 165 tekens (UI-ruimte).;All calendar items, tasks, recurrences, finished items, and settings will be permanently deleted. The app will then start as if you downloaded it for the first time.;Alle agenda-items, taken, herhalingen, afgeronde items en instellingen worden definitief verwijderd. De app start daarna alsof je hem voor het eerst hebt gedownload.;;;;;;;;;;;;;;;;;;;;;;;;;;;;;;;;;;;;;;;;;;;;;;;;;;;;;;;;;;;;;;;;;;;;;;;;;;;;app;Alle agenda-items, taken, herhalingen, afgeronde items en instellingen worden definitief verwijderd. De app start daarna alsof je hem voor het eerst hebt gedownload.;
Streef naar ± 15 tekens (UI-ruimte).;Only this item;Alleen dit item;;;;;;;;;;;;;;;;;;;;;;;;;;;;;;;;;;;;;;;;;;;;;;;;;;;;;;;;;;;;;;;;;;;;;;;;;;;;app;Alleen dit item;
Streef naar ± 22 tekens (UI-ruimte).;Quick entry field only;Alleen snel invoerveld;;;;;;;;;;;;;;;;;;;;;;;;;;;;;;;;;;;;;;;;;;;;;;;;;;;;;;;;;;;;;;;;;;;;;;;;;;;;app;Alleen snel invoerveld;
Streef naar ± 14 tekens (UI-ruimte).;Today only;Alleen vandaag;;;;;;;;;;;;;;;;;;;;;;;;;;;;;;;;;;;;;;;;;;;;;;;;;;;;;;;;;;;;;;;;;;;;;;;;;;;;app;Alleen vandaag;
Streef naar ± 5 tekens (UI-ruimte).;All;Alles;;;;;;;;;;;;;;;;;;;;;;;;;;;;;;;;;;;;;;;;;;;;;;;;;;;;;;;;;;;;;;;;;;;;;;;;;;;;app;Alles;
Streef naar ± 59 tekens (UI-ruimte).;Keep everything close at hand, even if you lose your phone.;Alles bij de hand. Ook als je je telefoon verliest.;;;;;;;;;;;;;;;;;;;;;;;;;;;;;;;;;;;;;;;;;;;;;;;;;;;;;;;;;;;;;;;;;;;;;;;;;;;;app;Alles bij de hand. Ook als je je telefoon verliest.;
Streef naar ± 18 tekens (UI-ruimte).;Deselect All;Alles deselecteren;;;;;;;;;;;;;;;;;;;;;;;;;;;;;;;;;;;;;;;;;;;;;;;;;;;;;;;;;;;;;;;;;;;;;;;;;;;;app;Alles deselecteren;
Streef naar ± 16 tekens (UI-ruimte).;Select All;Alles selecteren;;;;;;;;;;;;;;;;;;;;;;;;;;;;;;;;;;;;;;;;;;;;;;;;;;;;;;;;;;;;;;;;;;;;;;;;;;;;app;Alles selecteren;
Streef naar ± 14 tekens (UI-ruimte).;All that fits;Alles wat past;;;;;;;;;;;;;;;;;;;;;;;;;;;;;;;;;;;;;;;;;;;;;;;;;;;;;;;;;;;;;;;;;;;;;;;;;;;;app;Alles wat past;
Streef naar ± 65 tekens (UI-ruimte).;If you lose your device, your data cannot be recovered.;Als je apparaat kwijtraakt, zijn je gegevens niet terug te halen.;;;;;;;;;;;;;;;;;;;;;;;;;;;;;;;;;;;;;;;;;;;;;;;;;;;;;;;;;;;;;;;;;;;;;;;;;;;;app;Als je apparaat kwijt raakt, zijn je gegevens niet terug te halen.;
Streef naar ± 14 tekens (UI-ruimte).;Different date;Andere datum;;;;;;;;;;;;;;;;;;;;;;;;;;;;;;;;;;;;;;;;;;;;;;;;;;;;;;;;;;;;;;;;;;;;;;;;;;;;app;Andere datum in agenda...;
Behoud speciale tekens: …. Streef naar ± 27 tekens (UI-ruimte).;Different date in calendar…;Andere datum in agenda…;;;;;;;;;;;;;;;;;;;;;;;;;;;;;;;;;;;;;;;;;;;;;;;;;;;;;;;;;;;;;;;;;;;;;;;;;;;;app;Andere datum in agenda…;
Streef naar ± 8 tekens (UI-ruimte).;Cancel;Annuleer;;;;;;;;;;;;;;;;;;;;;;;;;;;;;;;;;;;;;;;;;;;;;;;;;;;;;;;;;;;;;;;;;;;;;;;;;;;;app;Annuleer;
Streef naar ± 9 tekens (UI-ruimte).;App Color;Appkleur;;;;;;;;;;;;;;;;;;;;;;;;;;;;;;;;;;;;;;;;;;;;;;;;;;;;;;;;;;;;;;;;;;;;;;;;;;;;app;App Color;
Streef naar ± 12 tekens (UI-ruimte).;App is busy;App is bezig;;;;;;;;;;;;;;;;;;;;;;;;;;;;;;;;;;;;;;;;;;;;;;;;;;;;;;;;;;;;;;;;;;;;;;;;;;;;app;App is bezig;
Streef naar ± 12 tekens (UI-ruimte).;App Language;App-taal;;;;;;;;;;;;;;;;;;;;;;;;;;;;;;;;;;;;;;;;;;;;;;;;;;;;;;;;;;;;;;;;;;;;;;;;;;;;app;App-taal;
Streef naar ± 8 tekens (UI-ruimte). Mogelijk niet vertalen (merknaam/symbool/getal).;Apple ID;Apple ID;;;;;;;;;;;;;;;;;;;;;;;;;;;;;;;;;;;;;;;;;;;;;;;;;;;;;;;;;;;;;;;;;;;;;;;;;;;;app;Apple ID;
Streef naar ± 13 tekens (UI-ruimte). Mogelijk niet vertalen (merknaam/symbool/getal).;Apple Weather;Apple Weather;;;;;;;;;;;;;;;;;;;;;;;;;;;;;;;;;;;;;;;;;;;;;;;;;;;;;;;;;;;;;;;;;;;;;;;;;;;;app;Apple Weather;
Streef naar ± 33 tekens (UI-ruimte).;Apple Weather, source information;Apple Weather, broninformatie;;;;;;;;;;;;;;;;;;;;;;;;;;;;;;;;;;;;;;;;;;;;;;;;;;;;;;;;;;;;;;;;;;;;;;;;;;;;app;Apple Weather, broninformatie;
Streef naar ± 256 tekens (UI-ruimte).;"Apple could not authenticate this app with WeatherKit. Check that WeatherKit is enabled for this App ID under both App Services and App Capabilities. If both are already enabled, try again later; Apple may be experiencing a temporary authentication outage.";"Apple kon deze app niet aanmelden bij WeatherKit. Controleer of WeatherKit voor deze App ID bij zowel App Services als App Capabilities aanstaat. Staat dat al goed, probeer dan later opnieuw; Apple heeft mogelijk een tijdelijke authenticatiestoring.";;;;;;;;;;;;;;;;;;;;;;;;;;;;;;;;;;;;;;;;;;;;;;;;;;;;;;;;;;;;;;;;;;;;;;;;;;;;app;"Apple kon deze app niet aanmelden bij WeatherKit. Controleer of WeatherKit voor deze App ID bij zowel App Services als App Capabilities aanstaat. Staat dat al goed, probeer dan later opnieuw; Apple heeft mogelijk een tijdelijke authenticatiestoring.";
Streef naar ± 34 tekens (UI-ruimte).;Automatic iCloud Sync;Automatische iCloud-synchronisatie;;;;;;;;;;;;;;;;;;;;;;;;;;;;;;;;;;;;;;;;;;;;;;;;;;;;;;;;;;;;;;;;;;;;;;;;;;;;app;Automatische iCloud-synchronisatie;
Streef naar ± 6 tekens (UI-ruimte). Mogelijk niet vertalen (merknaam/symbool/getal).;Backup;Backup;;;;;;;;;;;;;;;;;;;;;;;;;;;;;;;;;;;;;;;;;;;;;;;;;;;;;;;;;;;;;;;;;;;;;;;;;;;;app;Backup;
Streef naar ± 18 tekens (UI-ruimte).;Backup and restore;Backup en herstel;;;;;;;;;;;;;;;;;;;;;;;;;;;;;;;;;;;;;;;;;;;;;;;;;;;;;;;;;;;;;;;;;;;;;;;;;;;;app;Backup en herstel;
Streef naar ± 14 tekens (UI-ruimte).;Backup failed;Backup mislukt;;;;;;;;;;;;;;;;;;;;;;;;;;;;;;;;;;;;;;;;;;;;;;;;;;;;;;;;;;;;;;;;;;;;;;;;;;;;app;Backup mislukt;
Streef naar ± 72 tekens (UI-ruimte).;Backup restored. Reopen the app to reload all settings.;Backup teruggezet. Heropen de app om alle instellingen opnieuw te laden.;;;;;;;;;;;;;;;;;;;;;;;;;;;;;;;;;;;;;;;;;;;;;;;;;;;;;;;;;;;;;;;;;;;;;;;;;;;;app;Backup teruggezet. Heropen de app om alle instellingen opnieuw te laden.;
Streef naar ± 25 tekens (UI-ruimte).;Restore backup file;Backupbestand terugzetten;;;;;;;;;;;;;;;;;;;;;;;;;;;;;;;;;;;;;;;;;;;;;;;;;;;;;;;;;;;;;;;;;;;;;;;;;;;;app;Backupbestand terugzetten;
Behoud de dynamische plaatshouders exact en in dezelfde volgorde: %lld (%@ = tekst, %lld = getal). Niet vertalen. Streef naar ± 41 tekens (UI-ruimte).;Backup version %lld is not supported.;Backupversie %lld wordt niet ondersteund.;;;;;;;;;;;;;;;;;;;;;;;;;;;;;;;;;;;;;;;;;;;;;;;;;;;;;;;;;;;;;;;;;;;;;;;;;;;;app;Backupversie %lld wordt niet ondersteund.;
Streef naar ± 18 tekens (UI-ruimte).;Home Screen widget;Beginscherm-widget;;;;;;;;;;;;;;;;;;;;;;;;;;;;;;;;;;;;;;;;;;;;;;;;;;;;;;;;;;;;;;;;;;;;;;;;;;;;app;Beginscherm-widget;
Streef naar ± 31 tekens (UI-ruimte).;Configure Home Screen widget;Beginscherm-widget configureren;;;;;;;;;;;;;;;;;;;;;;;;;;;;;;;;;;;;;;;;;;;;;;;;;;;;;;;;;;;;;;;;;;;;;;;;;;;;app;Beginscherm-widget configureren;
Streef naar ± 40 tekens (UI-ruimte).;View WeatherKit settings at Apple;Bekijk WeatherKit-instellingen bij Apple;;;;;;;;;;;;;;;;;;;;;;;;;;;;;;;;;;;;;;;;;;;;;;;;;;;;;;;;;;;;;;;;;;;;;;;;;;;;app;Bekijk WeatherKit-instellingen bij Apple;
Streef naar ± 10 tekens (UI-ruimte).;Restricted;Beperkt;;;;;;;;;;;;;;;;;;;;;;;;;;;;;;;;;;;;;;;;;;;;;;;;;;;;;;;;;;;;;;;;;;;;;;;;;;;;app;Beperkt;
Behoud speciale tekens: ’. Streef naar ± 88 tekens (UI-ruimte).;Add another task, or tap the checkmark in the top right when you’re done entering tasks.;Schrijf nog een taak, of tik rechtsboven op het vinkje om het toetsenbord te sluiten.;;;;;;;;;;;;;;;;;;;;;;;;;;;;;;;;;;;;;;;;;;;;;;;;;;;;;;;;;;;;;;;;;;;;;;;;;;;;app;Beschrijf nog een taak, of tik rechtsboven op het vinkje om de invoer af te ronden.;
Streef naar ± 11 tekens (UI-ruimte).;Destination;Bestemming;;;;;;;;;;;;;;;;;;;;;;;;;;;;;;;;;;;;;;;;;;;;;;;;;;;;;;;;;;;;;;;;;;;;;;;;;;;;app;Bestemming;
Streef naar ± 6 tekens (UI-ruimte).;Save;Bewaar;;;;;;;;;;;;;;;;;;;;;;;;;;;;;;;;;;;;;;;;;;;;;;;;;;;;;;;;;;;;;;;;;;;;;;;;;;;;app;Bewaar;
Streef naar ± 15 tekens (UI-ruimte).;Save failed;Bewaren mislukt;;;;;;;;;;;;;;;;;;;;;;;;;;;;;;;;;;;;;;;;;;;;;;;;;;;;;;;;;;;;;;;;;;;;;;;;;;;;app;Bewaren mislukt;
Streef naar ± 18 tekens (UI-ruimte).;Finish Editing;Bewerken afsluiten;;;;;;;;;;;;;;;;;;;;;;;;;;;;;;;;;;;;;;;;;;;;;;;;;;;;;;;;;;;;;;;;;;;;;;;;;;;;app;Bewerken afsluiten;
Streef naar ± 13 tekens (UI-ruimte).;When Pressed;Bij indrukken;;;;;;;;;;;;;;;;;;;;;;;;;;;;;;;;;;;;;;;;;;;;;;;;;;;;;;;;;;;;;;;;;;;;;;;;;;;;app;Bij indrukken;
Streef naar ± 153 tekens (UI-ruimte).;Smart display shows Tasks at full width when there are no calendar items, and vice versa. This keeps more text visible.;Bij slimme weergave worden Taken over de volledige breedte getoond als er geen kalenderitems zijn, en andersom. Zo wordt er minder snel tekst afgesneden.;;;;;;;;;;;;;;;;;;;;;;;;;;;;;;;;;;;;;;;;;;;;;;;;;;;;;;;;;;;;;;;;;;;;;;;;;;;;app;Bij slimme weergave worden Taken over de volledige breedte getoond als er geen kalenderitems zijn, en andersom. Zo wordt er minder snel tekst afgesneden.;
Streef naar ± 10 tekens (UI-ruimte).;Soon;Binnenkort;;;;;;;;;;;;;;;;;;;;;;;;;;;;;;;;;;;;;;;;;;;;;;;;;;;;;;;;;;;;;;;;;;;;;;;;;;;;app;Binnenkort;
Streef naar ± 5 tekens (UI-ruimte).;Blue;Blauw;;;;;;;;;;;;;;;;;;;;;;;;;;;;;;;;;;;;;;;;;;;;;;;;;;;;;;;;;;;;;;;;;;;;;;;;;;;;app;Blauw;
Streef naar ± 14 tekens (UI-ruimte).;Tasks on top;Bovenste taken;;;;;;;;;;;;;;;;;;;;;;;;;;;;;;;;;;;;;;;;;;;;;;;;;;;;;;;;;;;;;;;;;;;;;;;;;;;;app;Bovenste taken;
Streef naar ± 6 tekens (UI-ruimte).;Source;Bron;;;;;;;;;;;;;;;;;;;;;;;;;;;;;;;;;;;;;;;;;;;;;;;;;;;;;;;;;;;;;;;;;;;;;;;;;;;;app;Bron;
Streef naar ± 5 tekens (UI-ruimte).;Brown;Bruin;;;;;;;;;;;;;;;;;;;;;;;;;;;;;;;;;;;;;;;;;;;;;;;;;;;;;;;;;;;;;;;;;;;;;;;;;;;;app;Bruin;
Behoud speciale tekens: …. Streef naar ± 36 tekens (UI-ruimte).;Gift idea or another reminder…;Cadeau-idee of andere herinnering...;;;;;;;;;;;;;;;;;;;;;;;;;;;;;;;;;;;;;;;;;;;;;;;;;;;;;;;;;;;;;;;;;;;;;;;;;;;;app;Cadeau-idee of andere herinnering...;
Streef naar ± 9 tekens (UI-ruimte).;Category;Categorie;;;;;;;;;;;;;;;;;;;;;;;;;;;;;;;;;;;;;;;;;;;;;;;;;;;;;;;;;;;;;;;;;;;;;;;;;;;;app;Categorie;
Streef naar ± 25 tekens (UI-ruimte).;Choose Category in Tasks;Categorie in Taken kiezen;;;;;;;;;;;;;;;;;;;;;;;;;;;;;;;;;;;;;;;;;;;;;;;;;;;;;;;;;;;;;;;;;;;;;;;;;;;;app;Categorie in Taken kiezen;
Streef naar ± 21 tekens (UI-ruimte).;Delete Category;Categorie verwijderen;;;;;;;;;;;;;;;;;;;;;;;;;;;;;;;;;;;;;;;;;;;;;;;;;;;;;;;;;;;;;;;;;;;;;;;;;;;;app;Categorie verwijderen;
Streef naar ± 102 tekens (UI-ruimte).;Compact categories show only the title and next date. Holidays are compact by default.;Compacte categorieën tonen alleen de titel en eerstvolgende datum. Feestdagen staan standaard compact.;;;;;;;;;;;;;;;;;;;;;;;;;;;;;;;;;;;;;;;;;;;;;;;;;;;;;;;;;;;;;;;;;;;;;;;;;;;;app;Compacte categorieën tonen alleen de titel en eerstvolgende datum. Feestdagen staan standaard compact.;
Behoud de dynamische plaatshouders exact en in dezelfde volgorde: %@ (%@ = tekst, %lld = getal). Niet vertalen. Streef naar ± 20 tekens (UI-ruimte).;Compact Row for %@;Compacte rij voor %@;;;;;;;;;;;;;;;;;;;;;;;;;;;;;;;;;;;;;;;;;;;;;;;;;;;;;;;;;;;;;;;;;;;;;;;;;;;;app;Compacte rij voor %@;
Streef naar ± 14 tekens (UI-ruimte).;Compact Rows;Compacte rijen;;;;;;;;;;;;;;;;;;;;;;;;;;;;;;;;;;;;;;;;;;;;;;;;;;;;;;;;;;;;;;;;;;;;;;;;;;;;app;Compacte rijen;
Behoud speciale tekens: …. Streef naar ± 12 tekens (UI-ruimte).;Checking…;Controleren…;;;;;;;;;;;;;;;;;;;;;;;;;;;;;;;;;;;;;;;;;;;;;;;;;;;;;;;;;;;;;;;;;;;;;;;;;;;;app;Controleren…;
Streef naar ± 5 tekens (UI-ruimte).;Cyan;Cyaan;;;;;;;;;;;;;;;;;;;;;;;;;;;;;;;;;;;;;;;;;;;;;;;;;;;;;;;;;;;;;;;;;;;;;;;;;;;;app;Cyaan;
Streef naar ± 3 tekens (UI-ruimte).;Day;Dag;;;;;;;;;;;;;;;;;;;;;;;;;;;;;;;;;;;;;;;;;;;;;;;;;;;;;;;;;;;;;;;;;;;;;;;;;;;;app;Dag;
Streef naar ± 13 tekens (UI-ruimte).;Day of Month;Dag van maand;;;;;;;;;;;;;;;;;;;;;;;;;;;;;;;;;;;;;;;;;;;;;;;;;;;;;;;;;;;;;;;;;;;;;;;;;;;;app;Dag van maand;
Streef naar ± 9 tekens (UI-ruimte).;Day/Month;Dag/Maand;;;;;;;;;;;;;;;;;;;;;;;;;;;;;;;;;;;;;;;;;;;;;;;;;;;;;;;;;;;;;;;;;;;;;;;;;;;;app;Dag/Maand;
Streef naar ± 9 tekens (UI-ruimte).;Daily;Dagelijks;;;;;;;;;;;;;;;;;;;;;;;;;;;;;;;;;;;;;;;;;;;;;;;;;;;;;;;;;;;;;;;;;;;;;;;;;;;;app;Dagelijks;
Streef naar ± 5 tekens (UI-ruimte).;Days;Dagen;;;;;;;;;;;;;;;;;;;;;;;;;;;;;;;;;;;;;;;;;;;;;;;;;;;;;;;;;;;;;;;;;;;;;;;;;;;;app;Dagen;
Streef naar ± 12 tekens (UI-ruimte).;Day count;Dagen tellen;;;;;;;;;;;;;;;;;;;;;;;;;;;;;;;;;;;;;;;;;;;;;;;;;;;;;;;;;;;;;;;;;;;;;;;;;;;;app;Dagen tellen;
Streef naar ± 26 tekens (UI-ruimte).;Day count (0 = today);Dagen tellen (0 = vandaag);;;;;;;;;;;;;;;;;;;;;;;;;;;;;;;;;;;;;;;;;;;;;;;;;;;;;;;;;;;;;;;;;;;;;;;;;;;;app;Dagen tellen (0 = vandaag);
Streef naar ± 12 tekens (UI-ruimte).;Days Before;Dagen vooraf;;;;;;;;;;;;;;;;;;;;;;;;;;;;;;;;;;;;;;;;;;;;;;;;;;;;;;;;;;;;;;;;;;;;;;;;;;;;app;Dagen vooraf;
Streef naar ± 5 tekens (UI-ruimte).;Date;Datum;;;;;;;;;;;;;;;;;;;;;;;;;;;;;;;;;;;;;;;;;;;;;;;;;;;;;;;;;;;;;;;;;;;;;;;;;;;;app;Datum;
Streef naar ± 13 tekens (UI-ruimte).;Date (mm/dd);Datum (dd/mm);;;;;;;;;;;;;;;;;;;;;;;;;;;;;;;;;;;;;;;;;;;;;;;;;;;;;;;;;;;;;;;;;;;;;;;;;;;;app;Datum (dd/mm);
Streef naar ± 18 tekens (UI-ruimte).;Date formatting;Datum formattering;;;;;;;;;;;;;;;;;;;;;;;;;;;;;;;;;;;;;;;;;;;;;;;;;;;;;;;;;;;;;;;;;;;;;;;;;;;;app;Datum formattering;
Streef naar ± 22 tekens (UI-ruimte).;Choose Calendar Date;Datum in agenda kiezen;;;;;;;;;;;;;;;;;;;;;;;;;;;;;;;;;;;;;;;;;;;;;;;;;;;;;;;;;;;;;;;;;;;;;;;;;;;;app;Datum in agenda kiezen;
Streef naar ± 13 tekens (UI-ruimte).;Date display;Datumweergave;;;;;;;;;;;;;;;;;;;;;;;;;;;;;;;;;;;;;;;;;;;;;;;;;;;;;;;;;;;;;;;;;;;;;;;;;;;;app;Datumweergave;
Behoud speciale tekens: ‘ ’ ›. Streef naar ± 153 tekens (UI-ruimte).;The Action Button is only available on iPhone 15 Pro and newer models. On your iPhone, go to Settings › Action Button › Shortcut and choose ‘New Task’.;De Actieknop is alleen beschikbaar op iPhone 15 Pro en nieuwere modellen. Ga op je iPhone naar Instellingen › Actieknop › Opdracht en kies ‘Nieuwe taak’.;;;;;;;;;;;;;;;;;;;;;;;;;;;;;;;;;;;;;;;;;;;;;;;;;;;;;;;;;;;;;;;;;;;;;;;;;;;;app;De Actieknop is alleen beschikbaar op iPhone 15 Pro en nieuwere modellen. Stel op je iPhone bij Instellingen › Actieknop › Opdracht de opdracht ‘Nieuwe taak’ in.;
Streef naar ± 140 tekens (UI-ruimte).;The app varies the date predictably around this interval. This keeps it spontaneous without changing the schedule after every sync.;De app varieert de datum voorspelbaar rond dit interval. Zo blijft het spontaan, maar verspringt de planning niet bij iedere synchronisatie.;;;;;;;;;;;;;;;;;;;;;;;;;;;;;;;;;;;;;;;;;;;;;;;;;;;;;;;;;;;;;;;;;;;;;;;;;;;;app;De app varieert de datum deterministisch rond dit interval. Zo blijft het spontaan, maar verspringt de planning niet bij iedere sync.;
Streef naar ± 148 tekens (UI-ruimte).;The app varies the date predictably around the selected period. This keeps it spontaneous without changing the schedule after every sync.;De app varieert de datum voorspelbaar rond deze gekozen periode. Zo blijft het spontaan, maar verspringt de planning niet bij iedere synchronisatie.;;;;;;;;;;;;;;;;;;;;;;;;;;;;;;;;;;;;;;;;;;;;;;;;;;;;;;;;;;;;;;;;;;;;;;;;;;;;app;De app varieert de datum voorspelbaar rond deze gekozen periode. Zo blijft het spontaan, maar verspringt de planning niet bij iedere synchronisatie.;
Behoud de dynamische plaatshouders exact en in dezelfde volgorde: %lld (%@ = tekst, %lld = getal). Niet vertalen. Streef naar ± 88 tekens (UI-ruimte).;The backup contains %lld items. A safety copy of the current data will be created first.;De backup bevat %lld items. Er wordt eerst automatisch een veiligheidskopie gemaakt.;;;;;;;;;;;;;;;;;;;;;;;;;;;;;;;;;;;;;;;;;;;;;;;;;;;;;;;;;;;;;;;;;;;;;;;;;;;;app;De backup bevat %lld items. Er wordt eerst automatisch een veiligheidskopie gemaakt.;
Streef naar ± 153 tekens (UI-ruimte).;The backup contains active and finished items, recurrences, and settings. Before restoring, a safety copy of the current data will be created.;De backup bevat actieve en afgeronde items, herhalingen en instellingen. Voor een herstelactie wordt eerst nog een kopie van de huidige gegevens gemaakt.;;;;;;;;;;;;;;;;;;;;;;;;;;;;;;;;;;;;;;;;;;;;;;;;;;;;;;;;;;;;;;;;;;;;;;;;;;;;app;De backup bevat actieve en afgeronde items, herhalingen en instellingen. Voor een herstelactie wordt eerst nog een kopie van de huidige gegevens gemaakt.;
Streef naar ± 136 tekens (UI-ruimte).;The first link appears as a clickable link in the overview. A new field appears automatically after entry, up to five links.;De bovenste link verschijnt klikbaar in het overzicht. Na het invullen verschijnt automatisch een volgend veld, tot maximaal vijf links.;;;;;;;;;;;;;;;;;;;;;;;;;;;;;;;;;;;;;;;;;;;;;;;;;;;;;;;;;;;;;;;;;;;;;;;;;;;;app;De bovenste link verschijnt klikbaar in het overzicht. Na het invullen verschijnt automatisch een volgend veld, tot maximaal vijf links.;
Streef naar ± 49 tekens (UI-ruimte).;The date varies predictably around this period.;De datum varieert voorspelbaar rond deze periode.;;;;;;;;;;;;;;;;;;;;;;;;;;;;;;;;;;;;;;;;;;;;;;;;;;;;;;;;;;;;;;;;;;;;;;;;;;;;app;De datum varieert voorspelbaar rond deze periode.;
Streef naar ± 45 tekens (UI-ruimte).;The settings in the backup are corrupted.;De instellingen in de backup zijn beschadigd.;;;;;;;;;;;;;;;;;;;;;;;;;;;;;;;;;;;;;;;;;;;;;;;;;;;;;;;;;;;;;;;;;;;;;;;;;;;;app;De instellingen in de backup zijn beschadigd.;
Behoud speciale tekens: ›. Streef naar ± 241 tekens (UI-ruimte).;The Lock Screen widget is available on iPhone 11 and newer models and on iPhone SE (2nd generation) and newer. Touch and hold the Lock Screen, then tap Customize › Lock Screen › Add Widgets. Then select the Forget It widget.;De toegangsschermwidget is beschikbaar op iPhone 11 en nieuwere modellen en op iPhone SE (2e generatie) en nieuwer. Houd het toegangsscherm ingedrukt en tik op Pas aan › Toegangsscherm › Voeg widgets toe. Kies daarna de widget van Forget It.;;;;;;;;;;;;;;;;;;;;;;;;;;;;;;;;;;;;;;;;;;;;;;;;;;;;;;;;;;;;;;;;;;;;;;;;;;;;app;De lockscreen-widget is beschikbaar op iPhone 11 en nieuwere modellen en op iPhone SE (2e generatie) en nieuwer. Houd het toegangsscherm ingedrukt en tik op Pas aan › Toegangsscherm › Voeg widgets toe. Kies daarna de widget van Don’t forget.;
Behoud speciale tekens: ’. Streef naar ± 127 tekens (UI-ruimte).;The new country’s default selection replaces your currently selected holidays. Custom holidays are not deleted.;De standaardselectie van het nieuwe land vervangt je huidige geselecteerde feestdagen. Eigen feestdagen worden niet verwijderd.;;;;;;;;;;;;;;;;;;;;;;;;;;;;;;;;;;;;;;;;;;;;;;;;;;;;;;;;;;;;;;;;;;;;;;;;;;;;app;De standaardselectie van het nieuwe land vervangt je huidige geselecteerde feestdagen. Eigen feestdagen worden niet verwijderd.;
Streef naar ± 37 tekens (UI-ruimte).;The change could not be saved.;De wijziging kon niet worden bewaard.;;;;;;;;;;;;;;;;;;;;;;;;;;;;;;;;;;;;;;;;;;;;;;;;;;;;;;;;;;;;;;;;;;;;;;;;;;;;app;De wijziging kon niet worden bewaard.;
Streef naar ± 91 tekens (UI-ruimte).;The change takes effect after you fully close and reopen the app.;De wijziging wordt actief nadat je de app volledig hebt afgesloten en opnieuw hebt geopend.;;;;;;;;;;;;;;;;;;;;;;;;;;;;;;;;;;;;;;;;;;;;;;;;;;;;;;;;;;;;;;;;;;;;;;;;;;;;app;De wijziging wordt actief nadat je de app volledig hebt afgesloten en opnieuw hebt geopend.;
Streef naar ± 22 tekens (UI-ruimte).;Delete Permanently;Definitief verwijderen;;;;;;;;;;;;;;;;;;;;;;;;;;;;;;;;;;;;;;;;;;;;;;;;;;;;;;;;;;;;;;;;;;;;;;;;;;;;app;Definitief verwijderen;
Streef naar ± 18 tekens (UI-ruimte).;Enable Demo Data;Demodata activeren;;;;;;;;;;;;;;;;;;;;;;;;;;;;;;;;;;;;;;;;;;;;;;;;;;;;;;;;;;;;;;;;;;;;;;;;;;;;app;Demodata activeren;
Streef naar ± 20 tekens (UI-ruimte).;Remove Demo Data;Demodata verwijderen;;;;;;;;;;;;;;;;;;;;;;;;;;;;;;;;;;;;;;;;;;;;;;;;;;;;;;;;;;;;;;;;;;;;;;;;;;;;app;Demodata verwijderen;
Streef naar ± 5 tekens (UI-ruimte).;Third;Derde;;;;;;;;;;;;;;;;;;;;;;;;;;;;;;;;;;;;;;;;;;;;;;;;;;;;;;;;;;;;;;;;;;;;;;;;;;;;app;Derde;
Streef naar ± 17 tekens (UI-ruimte).;Deselect All;Deselecteer alles;;;;;;;;;;;;;;;;;;;;;;;;;;;;;;;;;;;;;;;;;;;;;;;;;;;;;;;;;;;;;;;;;;;;;;;;;;;;app;Deselecteer alles;
Streef naar ± 7 tekens (UI-ruimte). Mogelijk niet vertalen (merknaam/symbool/getal).;Details;Details;;;;;;;;;;;;;;;;;;;;;;;;;;;;;;;;;;;;;;;;;;;;;;;;;;;;;;;;;;;;;;;;;;;;;;;;;;;;app;Details;
Streef naar ± 135 tekens (UI-ruimte).;This Mac uses the same private iCloud container as your iPhone and iPad. Changes are updated automatically on all devices.;Deze Mac gebruikt dezelfde private iCloud-container als je iPhone en iPad. Wijzigingen worden automatisch op alle apparaten bijgewerkt.;;;;;;;;;;;;;;;;;;;;;;;;;;;;;;;;;;;;;;;;;;;;;;;;;;;;;;;;;;;;;;;;;;;;;;;;;;;;app;Deze Mac gebruikt dezelfde private iCloud-container als je iPhone en iPad. Wijzigingen worden automatisch op alle apparaten bijgewerkt.;
Streef naar ± 90 tekens (UI-ruimte).;This age does not correspond to a leap year with February 29. Choose an appropriate age.;Deze leeftijd hoort niet bij een geboortejaar met 29 februari. Kies een passende leeftijd.;;;;;;;;;;;;;;;;;;;;;;;;;;;;;;;;;;;;;;;;;;;;;;;;;;;;;;;;;;;;;;;;;;;;;;;;;;;;app;Deze leeftijd hoort niet bij een geboortejaar met 29 februari. Kies een passende leeftijd.;
Streef naar ± 76 tekens (UI-ruimte).;This place could not be found. Check the name and try again.;Deze plaats kon niet worden gevonden. Controleer de naam en probeer opnieuw.;;;;;;;;;;;;;;;;;;;;;;;;;;;;;;;;;;;;;;;;;;;;;;;;;;;;;;;;;;;;;;;;;;;;;;;;;;;;app;Deze plaats kon niet worden gevonden. Controleer de naam en probeer opnieuw.;
Streef naar ± 69 tekens (UI-ruimte).;This reminder uses the same color as the birthday category.;Deze herinnering gebruikt dezelfde kleur als de verjaardagscategorie.;;;;;;;;;;;;;;;;;;;;;;;;;;;;;;;;;;;;;;;;;;;;;;;;;;;;;;;;;;;;;;;;;;;;;;;;;;;;app;Deze reminder gebruikt dezelfde kleur als de verjaardagscategorie.;
Streef naar ± 33 tekens (UI-ruimte).;Start Voice Recording Immediately;Direct spraak opnemen;;;;;;;;;;;;;;;;;;;;;;;;;;;;;;;;;;;;;;;;;;;;;;;;;;;;;;;;;;;;;;;;;;;;;;;;;;;;app;Direct spraak opnemen;
Streef naar ± 20 tekens (UI-ruimte).;This is an example;Dit is een voorbeeld;;;;;;;;;;;;;;;;;;;;;;;;;;;;;;;;;;;;;;;;;;;;;;;;;;;;;;;;;;;;;;;;;;;;;;;;;;;;app;Dit is een voorbeeld;
Streef naar ± 9 tekens (UI-ruimte). Mogelijk niet vertalen (merknaam/symbool/getal).;Forget It;Forget It;;;;;;;;;;;;;;;;;;;;;;;;;;;;;;;;;;;;;;;;;;;;;;;;;;;;;;;;;;;;;;;;;;;;;;;;;;;;app;Don't Forget;
Streef naar ± 9 tekens (UI-ruimte). Mogelijk niet vertalen (merknaam/symbool/getal).;Forget It;Forget It;;;;;;;;;;;;;;;;;;;;;;;;;;;;;;;;;;;;;;;;;;;;;;;;;;;;;;;;;;;;;;;;;;;;;;;;;;;;app;Don't forget;
Streef naar ± 8 tekens (UI-ruimte).;Continue;Doorgaan;;;;;;;;;;;;;;;;;;;;;;;;;;;;;;;;;;;;;;;;;;;;;;;;;;;;;;;;;;;;;;;;;;;;;;;;;;;;app;Doorgaan;
Streef naar ± 25 tekens (UI-ruimte).;Continue Without Apple ID;Doorgaan zonder Apple ID;;;;;;;;;;;;;;;;;;;;;;;;;;;;;;;;;;;;;;;;;;;;;;;;;;;;;;;;;;;;;;;;;;;;;;;;;;;;app;Doorgaan zonder Apple ID;
Streef naar ± 25 tekens (UI-ruimte).;Wrap onto new line;Doorlopen op nieuwe regel;;;;;;;;;;;;;;;;;;;;;;;;;;;;;;;;;;;;;;;;;;;;;;;;;;;;;;;;;;;;;;;;;;;;;;;;;;;;app;Doorlopen op nieuwe regel;
Streef naar ± 23 tekens (UI-ruimte).;Press the Action Button;Druk op de Actieknop;;;;;;;;;;;;;;;;;;;;;;;;;;;;;;;;;;;;;;;;;;;;;;;;;;;;;;;;;;;;;;;;;;;;;;;;;;;;app;Druk op de Actieknop;
Streef naar ± 116 tekens (UI-ruimte).;A yellow-highlighted weekday contains a time. Items with a time are automatically sorted within that day.;Een geel gemarkeerde weekdag bevat een tijd. Items met een tijd worden binnen die dag automatisch op volgorde gezet.;;;;;;;;;;;;;;;;;;;;;;;;;;;;;;;;;;;;;;;;;;;;;;;;;;;;;;;;;;;;;;;;;;;;;;;;;;;;app;Een geel gearceerde weekdag bevat een tijd en blijft binnen de dag automatisch op tijd gesorteerd.;
Streef naar ± 161 tekens (UI-ruimte).;Changing countries replaces this selection. Custom holidays are preserved. Islamic calendar dates may differ by one day due to local moon sightings.;Een landwissel vervangt deze selectie. Eigen feestdagen blijven bewaard. Data uit de islamitische kalender kunnen door lokale maanwaarneming één dag verschillen.;;;;;;;;;;;;;;;;;;;;;;;;;;;;;;;;;;;;;;;;;;;;;;;;;;;;;;;;;;;;;;;;;;;;;;;;;;;;app;Een landwissel vervangt deze selectie. Eigen feestdagen blijven bewaard. Data uit de islamitische kalender kunnen door lokale maanwaarneming één dag verschillen.;
Streef naar ± 20 tekens (UI-ruimte).;Move Up One Position;Een positie omhoog;;;;;;;;;;;;;;;;;;;;;;;;;;;;;;;;;;;;;;;;;;;;;;;;;;;;;;;;;;;;;;;;;;;;;;;;;;;;app;Een positie omhoog;
Streef naar ± 22 tekens (UI-ruimte).;Move Down One Position;Een positie omlaag;;;;;;;;;;;;;;;;;;;;;;;;;;;;;;;;;;;;;;;;;;;;;;;;;;;;;;;;;;;;;;;;;;;;;;;;;;;;app;Een positie omlaag;
Streef naar ± 138 tekens (UI-ruimte).;A full backup contains active and finished items, recurrences, and settings. CSV is only intended as a readable history overview.;Een volledige backup bevat actieve en afgeronde items, herhalingen en instellingen. CSV is alleen bedoeld als leesbaar historie-overzicht.;;;;;;;;;;;;;;;;;;;;;;;;;;;;;;;;;;;;;;;;;;;;;;;;;;;;;;;;;;;;;;;;;;;;;;;;;;;;app;Een volledige backup bevat actieve en afgeronde items, herhalingen en instellingen. CSV is alleen bedoeld als leesbaar historie-overzicht.;
Streef naar ± 7 tekens (UI-ruimte).;Unit;Eenheid;;;;;;;;;;;;;;;;;;;;;;;;;;;;;;;;;;;;;;;;;;;;;;;;;;;;;;;;;;;;;;;;;;;;;;;;;;;;app;Eenheid;
Streef naar ± 6 tekens (UI-ruimte).;First;Eerste;;;;;;;;;;;;;;;;;;;;;;;;;;;;;;;;;;;;;;;;;;;;;;;;;;;;;;;;;;;;;;;;;;;;;;;;;;;;app;Eerste;
Streef naar ± 26 tekens (UI-ruimte).;Add First Recurrence;Eerste herhaling toevoegen;;;;;;;;;;;;;;;;;;;;;;;;;;;;;;;;;;;;;;;;;;;;;;;;;;;;;;;;;;;;;;;;;;;;;;;;;;;;app;Eerste herhaling toevoegen;
Streef naar ± 27 tekens (UI-ruimte).;Add First Birthday;Eerste verjaardag toevoegen;;;;;;;;;;;;;;;;;;;;;;;;;;;;;;;;;;;;;;;;;;;;;;;;;;;;;;;;;;;;;;;;;;;;;;;;;;;;app;Eerste verjaardag toevoegen;
Streef naar ± 19 tekens (UI-ruimte).;Next date;Eerstvolgende datum;;;;;;;;;;;;;;;;;;;;;;;;;;;;;;;;;;;;;;;;;;;;;;;;;;;;;;;;;;;;;;;;;;;;;;;;;;;;app;Eerstvolgende datum;
Streef naar ± 14 tekens (UI-ruimte).;Custom holiday;Eigen feestdag;;;;;;;;;;;;;;;;;;;;;;;;;;;;;;;;;;;;;;;;;;;;;;;;;;;;;;;;;;;;;;;;;;;;;;;;;;;;app;Eigen feestdag;
Streef naar ± 24 tekens (UI-ruimte).;Add Custom Holiday;Eigen feestdag toevoegen;;;;;;;;;;;;;;;;;;;;;;;;;;;;;;;;;;;;;;;;;;;;;;;;;;;;;;;;;;;;;;;;;;;;;;;;;;;;app;Eigen feestdag toevoegen;
Streef naar ± 78 tekens (UI-ruimte).;You can also add custom holidays with the plus button in the orange category.;Eigen feestdagen kun je ook toevoegen met de plusknop bij de oranje categorie.;;;;;;;;;;;;;;;;;;;;;;;;;;;;;;;;;;;;;;;;;;;;;;;;;;;;;;;;;;;;;;;;;;;;;;;;;;;;app;Eigen feestdagen kun je ook toevoegen met de plusknop bij de oranje categorie.;
Streef naar ± 20 tekens (UI-ruimte).;End-of-Day Reminder;Einde-dagherinnering;;;;;;;;;;;;;;;;;;;;;;;;;;;;;;;;;;;;;;;;;;;;;;;;;;;;;;;;;;;;;;;;;;;;;;;;;;;;app;Einde-dagherinnering;
Streef naar ± 12 tekens (UI-ruimte).;Quarterly;Elk kwartaal;;;;;;;;;;;;;;;;;;;;;;;;;;;;;;;;;;;;;;;;;;;;;;;;;;;;;;;;;;;;;;;;;;;;;;;;;;;;app;Elk kwartaal;
Behoud de dynamische plaatshouders exact en in dezelfde volgorde: %lld (%@ = tekst, %lld = getal). Niet vertalen. Streef naar ± 10 tekens (UI-ruimte).;Every %lld;Elke %lld;;;;;;;;;;;;;;;;;;;;;;;;;;;;;;;;;;;;;;;;;;;;;;;;;;;;;;;;;;;;;;;;;;;;;;;;;;;;app;Elke %lld;
Behoud de dynamische plaatshouders exact en in dezelfde volgorde: %lld (%@ = tekst, %lld = getal). Niet vertalen. Streef naar ± 25 tekens (UI-ruimte).;Every %lldth of the Month;Elke %llde van de maand;;;;;;;;;;;;;;;;;;;;;;;;;;;;;;;;;;;;;;;;;;;;;;;;;;;;;;;;;;;;;;;;;;;;;;;;;;;;app;Elke %llde van de maand;
Streef naar ± 27 tekens (UI-ruimte).;No text was entered.;Er is geen tekst ingevoerd.;;;;;;;;;;;;;;;;;;;;;;;;;;;;;;;;;;;;;;;;;;;;;;;;;;;;;;;;;;;;;;;;;;;;;;;;;;;;app;Er is geen tekst ingevoerd.;
Streef naar ± 57 tekens (UI-ruimte).;No automatic safety copy is available yet.;Er is nog geen automatische veiligheidskopie beschikbaar.;;;;;;;;;;;;;;;;;;;;;;;;;;;;;;;;;;;;;;;;;;;;;;;;;;;;;;;;;;;;;;;;;;;;;;;;;;;;app;Er is nog geen automatische veiligheidskopie beschikbaar.;
Streef naar ± 18 tekens (UI-ruimte).;Export failed;Exporteren mislukt;;;;;;;;;;;;;;;;;;;;;;;;;;;;;;;;;;;;;;;;;;;;;;;;;;;;;;;;;;;;;;;;;;;;;;;;;;;;app;Exporteren mislukt;
Behoud speciale tekens: …. Streef naar ± 16 tekens (UI-ruimte).;Additional note…;Extra notitie...;;;;;;;;;;;;;;;;;;;;;;;;;;;;;;;;;;;;;;;;;;;;;;;;;;;;;;;;;;;;;;;;;;;;;;;;;;;;app;Extra notitie...;
Streef naar ± 12 tekens (UI-ruimte).;One Day More;Eén dag meer;;;;;;;;;;;;;;;;;;;;;;;;;;;;;;;;;;;;;;;;;;;;;;;;;;;;;;;;;;;;;;;;;;;;;;;;;;;;app;Eén dag meer;
Streef naar ± 14 tekens (UI-ruimte).;One Day Less;Eén dag minder;;;;;;;;;;;;;;;;;;;;;;;;;;;;;;;;;;;;;;;;;;;;;;;;;;;;;;;;;;;;;;;;;;;;;;;;;;;;app;Eén dag minder;
Streef naar ± 23 tekens (UI-ruimte).;Holiday on a Fixed Date;Feestdag op vaste dag;;;;;;;;;;;;;;;;;;;;;;;;;;;;;;;;;;;;;;;;;;;;;;;;;;;;;;;;;;;;;;;;;;;;;;;;;;;;app;Feestdag op vaste dag;
Streef naar ± 10 tekens (UI-ruimte).;Holidays;Feestdagen;;;;;;;;;;;;;;;;;;;;;;;;;;;;;;;;;;;;;;;;;;;;;;;;;;;;;;;;;;;;;;;;;;;;;;;;;;;;app;Feestdagen;
Streef naar ± 17 tekens (UI-ruimte).;Choose Holidays;Feestdagen kiezen;;;;;;;;;;;;;;;;;;;;;;;;;;;;;;;;;;;;;;;;;;;;;;;;;;;;;;;;;;;;;;;;;;;;;;;;;;;;app;Feestdagen kiezen;
Streef naar ± 22 tekens (UI-ruimte).;Flexible (approximate);Flexibel (ongeveer);;;;;;;;;;;;;;;;;;;;;;;;;;;;;;;;;;;;;;;;;;;;;;;;;;;;;;;;;;;;;;;;;;;;;;;;;;;;app;Flexibel (ongeveer);
Streef naar ± 9 tekens (UI-ruimte). Mogelijk niet vertalen (merknaam/symbool/getal).;Forget It;Forget It;;;;;;;;;;;;;;;;;;;;;;;;;;;;;;;;;;;;;;;;;;;;;;;;;;;;;;;;;;;;;;;;;;;;;;;;;;;;app;Forget It;
Streef naar ± 10 tekens (UI-ruimte).;Frequency;Frequentie;;;;;;;;;;;;;;;;;;;;;;;;;;;;;;;;;;;;;;;;;;;;;;;;;;;;;;;;;;;;;;;;;;;;;;;;;;;;app;Frequentie;
Streef naar ± 113 tekens (UI-ruimte).;Go back to the calendar to see your recurring item. The app automatically schedules it endlessly into the future.;Ga terug naar de agenda om je herhaling te bekijken. De app plant deze automatisch eindeloos vooruit.;;;;;;;;;;;;;;;;;;;;;;;;;;;;;;;;;;;;;;;;;;;;;;;;;;;;;;;;;;;;;;;;;;;;;;;;;;;;app;Ga terug naar de kalender om je herhaling te vinden. Een herhaling wordt steeds opnieuw vooruit gepland.;
Streef naar ± 13 tekens (UI-ruimte).;Date of Birth;Geboortedatum;;;;;;;;;;;;;;;;;;;;;;;;;;;;;;;;;;;;;;;;;;;;;;;;;;;;;;;;;;;;;;;;;;;;;;;;;;;;app;Geboortedatum;
Streef naar ± 12 tekens (UI-ruimte).;Birth year;Geboortejaar;;;;;;;;;;;;;;;;;;;;;;;;;;;;;;;;;;;;;;;;;;;;;;;;;;;;;;;;;;;;;;;;;;;;;;;;;;;;app;Geboortejaar;
Streef naar ± 20 tekens (UI-ruimte).;Birth year uncertain;Geboortejaar onzeker;;;;;;;;;;;;;;;;;;;;;;;;;;;;;;;;;;;;;;;;;;;;;;;;;;;;;;;;;;;;;;;;;;;;;;;;;;;;app;Geboortejaar onzeker;
Streef naar ± 98 tekens (UI-ruimte).;Use the buttons to move step by step, or tap another weekday to move it there directly.;Gebruik de knoppen om te verplaatsen, of tik op een andere weekdag om het direct daar te plaatsen.;;;;;;;;;;;;;;;;;;;;;;;;;;;;;;;;;;;;;;;;;;;;;;;;;;;;;;;;;;;;;;;;;;;;;;;;;;;;app;Gebruik de controls, of tik op een andere weekdag om direct te verplaatsen.;
Streef naar ± 74 tekens (UI-ruimte).;Use the filters to show completed items from one specific tab only.;Gebruik de filters om alleen afgeronde items uit een bepaalde tab te zien.;;;;;;;;;;;;;;;;;;;;;;;;;;;;;;;;;;;;;;;;;;;;;;;;;;;;;;;;;;;;;;;;;;;;;;;;;;;;app;Gebruik de filterknoppen om alleen afgeronde items van een bepaalde tab te zien.;
Streef naar ± 19 tekens (UI-ruimte).;Use this place;Gebruik deze plaats;;;;;;;;;;;;;;;;;;;;;;;;;;;;;;;;;;;;;;;;;;;;;;;;;;;;;;;;;;;;;;;;;;;;;;;;;;;;app;Gebruik deze plaats;
Streef naar ± 28 tekens (UI-ruimte).;Use my current location;Gebruik mijn huidige locatie;;;;;;;;;;;;;;;;;;;;;;;;;;;;;;;;;;;;;;;;;;;;;;;;;;;;;;;;;;;;;;;;;;;;;;;;;;;;app;Gebruik mijn huidige locatie;
Behoud speciale tekens: ‘ ’. Streef naar ± 68 tekens (UI-ruimte).;Allow notifications for ‘Forget It’ in iOS Settings.;Geef ‘Forget It’ toestemming voor meldingen via de iOS-instellingen.;;;;;;;;;;;;;;;;;;;;;;;;;;;;;;;;;;;;;;;;;;;;;;;;;;;;;;;;;;;;;;;;;;;;;;;;;;;;app;Geef ‘Don’t forget’ toestemming voor meldingen via de iOS-instellingen.;
Streef naar ± 6 tekens (UI-ruimte).;Yellow;Geel;;;;;;;;;;;;;;;;;;;;;;;;;;;;;;;;;;;;;;;;;;;;;;;;;;;;;;;;;;;;;;;;;;;;;;;;;;;;app;Geel;
Behoud de dynamische plaatshouders exact en in dezelfde volgorde: %@ (%@ = tekst, %lld = getal). Niet vertalen. Streef naar ± 23 tekens (UI-ruimte).;No completed %@ items;Geen afgeronde %@-items;;;;;;;;;;;;;;;;;;;;;;;;;;;;;;;;;;;;;;;;;;;;;;;;;;;;;;;;;;;;;;;;;;;;;;;;;;;;app;Geen afgeronde %@-items;
Streef naar ± 23 tekens (UI-ruimte).;No other categories;Geen andere categorieën;;;;;;;;;;;;;;;;;;;;;;;;;;;;;;;;;;;;;;;;;;;;;;;;;;;;;;;;;;;;;;;;;;;;;;;;;;;;app;Geen andere categorieën;
Streef naar ± 19 tekens (UI-ruimte).;No iCloud account;Geen iCloud-account;;;;;;;;;;;;;;;;;;;;;;;;;;;;;;;;;;;;;;;;;;;;;;;;;;;;;;;;;;;;;;;;;;;;;;;;;;;;app;Geen iCloud-account;
Streef naar ± 70 tekens (UI-ruimte).;"No iCloud account is signed in; data remains only on this device";"Geen iCloud-account aangemeld; gegevens blijven alleen op dit apparaat";;;;;;;;;;;;;;;;;;;;;;;;;;;;;;;;;;;;;;;;;;;;;;;;;;;;;;;;;;;;;;;;;;;;;;;;;;;;app;"Geen iCloud-account aangemeld; gegevens blijven alleen op dit apparaat";
Behoud speciale tekens: ✓. Streef naar ± 17 tekens (UI-ruimte).;No open tasks ✓;Geen open taken ✓;;;;;;;;;;;;;;;;;;;;;;;;;;;;;;;;;;;;;;;;;;;;;;;;;;;;;;;;;;;;;;;;;;;;;;;;;;;;app;Geen open taken ✓;
Streef naar ± 35 tekens (UI-ruimte).;No unfinished tasks for today;Geen openstaande taken voor vandaag;;;;;;;;;;;;;;;;;;;;;;;;;;;;;;;;;;;;;;;;;;;;;;;;;;;;;;;;;;;;;;;;;;;;;;;;;;;;app;Geen openstaande taken voor vandaag;
Streef naar ± 61 tekens (UI-ruimte).;Access denied. You can change this later in iOS Settings.;Geen toegang. Je kunt dit later wijzigen in iOS-instellingen.;;;;;;;;;;;;;;;;;;;;;;;;;;;;;;;;;;;;;;;;;;;;;;;;;;;;;;;;;;;;;;;;;;;;;;;;;;;;app;Geen toegang. Je kunt dit later wijzigen in iOS-instellingen.;
Streef naar ± 19 tekens (UI-ruimte).;No search results;Geen zoekresultaten;;;;;;;;;;;;;;;;;;;;;;;;;;;;;;;;;;;;;;;;;;;;;;;;;;;;;;;;;;;;;;;;;;;;;;;;;;;;app;Geen zoekresultaten;
Streef naar ± 24 tekens (UI-ruimte).;Data could not be opened;Gegevens niet geopend;;;;;;;;;;;;;;;;;;;;;;;;;;;;;;;;;;;;;;;;;;;;;;;;;;;;;;;;;;;;;;;;;;;;;;;;;;;;app;Gegevens niet geopend;
Streef naar ± 6 tekens (UI-ruimte).;Done;Gereed;;;;;;;;;;;;;;;;;;;;;;;;;;;;;;;;;;;;;;;;;;;;;;;;;;;;;;;;;;;;;;;;;;;;;;;;;;;;app;Gereed;
Streef naar ± 9 tekens (UI-ruimte).;Yesterday;Gisteren;;;;;;;;;;;;;;;;;;;;;;;;;;;;;;;;;;;;;;;;;;;;;;;;;;;;;;;;;;;;;;;;;;;;;;;;;;;;app;Gisteren;
Streef naar ± 19 tekens (UI-ruimte).;Collapse Charts;Grafieken inklappen;;;;;;;;;;;;;;;;;;;;;;;;;;;;;;;;;;;;;;;;;;;;;;;;;;;;;;;;;;;;;;;;;;;;;;;;;;;;app;Grafieken inklappen;
Streef naar ± 20 tekens (UI-ruimte).;Expand Charts;Grafieken uitklappen;;;;;;;;;;;;;;;;;;;;;;;;;;;;;;;;;;;;;;;;;;;;;;;;;;;;;;;;;;;;;;;;;;;;;;;;;;;;app;Grafieken uitklappen;
Streef naar ± 5 tekens (UI-ruimte).;Grey;Grijs;;;;;;;;;;;;;;;;;;;;;;;;;;;;;;;;;;;;;;;;;;;;;;;;;;;;;;;;;;;;;;;;;;;;;;;;;;;;app;Grey;
Streef naar ± 5 tekens (UI-ruimte).;Gray;Grijs;;;;;;;;;;;;;;;;;;;;;;;;;;;;;;;;;;;;;;;;;;;;;;;;;;;;;;;;;;;;;;;;;;;;;;;;;;;;app;Grijs;
Streef naar ± 5 tekens (UI-ruimte).;Green;Groen;;;;;;;;;;;;;;;;;;;;;;;;;;;;;;;;;;;;;;;;;;;;;;;;;;;;;;;;;;;;;;;;;;;;;;;;;;;;app;Groen;
Streef naar ± 5 tekens (UI-ruimte).;Group;Groep;;;;;;;;;;;;;;;;;;;;;;;;;;;;;;;;;;;;;;;;;;;;;;;;;;;;;;;;;;;;;;;;;;;;;;;;;;;;app;Groep;
Streef naar ± 10 tekens (UI-ruimte).;Group name;Groepsnaam;;;;;;;;;;;;;;;;;;;;;;;;;;;;;;;;;;;;;;;;;;;;;;;;;;;;;;;;;;;;;;;;;;;;;;;;;;;;app;Groepsnaam;
Streef naar ± 5 tekens (UI-ruimte).;Large;Groot;;;;;;;;;;;;;;;;;;;;;;;;;;;;;;;;;;;;;;;;;;;;;;;;;;;;;;;;;;;;;;;;;;;;;;;;;;;;app;Groot;
Streef naar ± 15 tekens (UI-ruimte).;Open full app;Hele app openen;;;;;;;;;;;;;;;;;;;;;;;;;;;;;;;;;;;;;;;;;;;;;;;;;;;;;;;;;;;;;;;;;;;;;;;;;;;;app;Hele app openen;
Streef naar ± 20 tekens (UI-ruimte).;Reset the entire app;Hele app resetten;;;;;;;;;;;;;;;;;;;;;;;;;;;;;;;;;;;;;;;;;;;;;;;;;;;;;;;;;;;;;;;;;;;;;;;;;;;;app;Hele app resetten;
Streef naar ± 21 tekens (UI-ruimte).;Reset the Entire App?;Hele app resetten?;;;;;;;;;;;;;;;;;;;;;;;;;;;;;;;;;;;;;;;;;;;;;;;;;;;;;;;;;;;;;;;;;;;;;;;;;;;;app;Hele app resetten?;
Streef naar ± 15 tekens (UI-ruimte).;Move to Top;Helemaal omhoog;;;;;;;;;;;;;;;;;;;;;;;;;;;;;;;;;;;;;;;;;;;;;;;;;;;;;;;;;;;;;;;;;;;;;;;;;;;;app;Helemaal omhoog;
Streef naar ± 15 tekens (UI-ruimte).;Move to Bottom;Helemaal omlaag;;;;;;;;;;;;;;;;;;;;;;;;;;;;;;;;;;;;;;;;;;;;;;;;;;;;;;;;;;;;;;;;;;;;;;;;;;;;app;Helemaal omlaag;
Streef naar ± 10 tekens (UI-ruimte).;Recurrence;Herhaling;;;;;;;;;;;;;;;;;;;;;;;;;;;;;;;;;;;;;;;;;;;;;;;;;;;;;;;;;;;;;;;;;;;;;;;;;;;;app;Herhaling;
Streef naar ± 19 tekens (UI-ruimte).;Add recurring item;Herhaling toevoegen;;;;;;;;;;;;;;;;;;;;;;;;;;;;;;;;;;;;;;;;;;;;;;;;;;;;;;;;;;;;;;;;;;;;;;;;;;;;app;Herhaling toevoegen;
Behoud de dynamische plaatshouders exact en in dezelfde volgorde: %@ (%@ = tekst, %lld = getal). Niet vertalen. Streef naar ± 26 tekens (UI-ruimte).;Add Recurrence to %@;Herhaling toevoegen aan %@;;;;;;;;;;;;;;;;;;;;;;;;;;;;;;;;;;;;;;;;;;;;;;;;;;;;;;;;;;;;;;;;;;;;;;;;;;;;app;Herhaling toevoegen aan %@;
Streef naar ± 11 tekens (UI-ruimte).;Recurring;Herhalingen;;;;;;;;;;;;;;;;;;;;;;;;;;;;;;;;;;;;;;;;;;;;;;;;;;;;;;;;;;;;;;;;;;;;;;;;;;;;app;Herhalingen;
Streef naar ± 19 tekens (UI-ruimte).;Manage Recurrences;Herhalingen beheren;;;;;;;;;;;;;;;;;;;;;;;;;;;;;;;;;;;;;;;;;;;;;;;;;;;;;;;;;;;;;;;;;;;;;;;;;;;;app;Herhalingen beheren;
Streef naar ± 19 tekens (UI-ruimte).;Reopen the app;Open de app opnieuw;;;;;;;;;;;;;;;;;;;;;;;;;;;;;;;;;;;;;;;;;;;;;;;;;;;;;;;;;;;;;;;;;;;;;;;;;;;;app;Heropen de app;
Streef naar ± 26 tekens (UI-ruimte).;The backup file is empty.;Het backupbestand is leeg.;;;;;;;;;;;;;;;;;;;;;;;;;;;;;;;;;;;;;;;;;;;;;;;;;;;;;;;;;;;;;;;;;;;;;;;;;;;;app;Het backupbestand is leeg.;
Streef naar ± 36 tekens (UI-ruimte).;"How long open; click to move";"Hoe lang open; klik voor verplaatsen";;;;;;;;;;;;;;;;;;;;;;;;;;;;;;;;;;;;;;;;;;;;;;;;;;;;;;;;;;;;;;;;;;;;;;;;;;;;app;"Hoe lang open; klik voor verplaatsen";
Streef naar ± 53 tekens (UI-ruimte).;Press and hold for 3 seconds to reset the entire app.;Houd 3 seconden ingedrukt om de hele app te resetten.;;;;;;;;;;;;;;;;;;;;;;;;;;;;;;;;;;;;;;;;;;;;;;;;;;;;;;;;;;;;;;;;;;;;;;;;;;;;app;Houd 3 seconden ingedrukt om de hele app te resetten.;
Streef naar ± 51 tekens (UI-ruimte).;Press and hold for 3 seconds to activate demo data.;Houd 3 seconden ingedrukt om demodata te activeren.;;;;;;;;;;;;;;;;;;;;;;;;;;;;;;;;;;;;;;;;;;;;;;;;;;;;;;;;;;;;;;;;;;;;;;;;;;;;app;Houd 3 seconden ingedrukt om demodata te activeren.;
Streef naar ± 27 tekens (UI-ruimte).;Replace current data?;Huidige gegevens vervangen?;;;;;;;;;;;;;;;;;;;;;;;;;;;;;;;;;;;;;;;;;;;;;;;;;;;;;;;;;;;;;;;;;;;;;;;;;;;;app;Huidige gegevens vervangen?;
Streef naar ± 16 tekens (UI-ruimte).;Current Age;Huidige leeftijd;;;;;;;;;;;;;;;;;;;;;;;;;;;;;;;;;;;;;;;;;;;;;;;;;;;;;;;;;;;;;;;;;;;;;;;;;;;;app;Huidige leeftijd;
Streef naar ± 16 tekens (UI-ruimte).;Current location;Huidige locatie;;;;;;;;;;;;;;;;;;;;;;;;;;;;;;;;;;;;;;;;;;;;;;;;;;;;;;;;;;;;;;;;;;;;;;;;;;;;app;Huidige locatie;
Streef naar ± 27 tekens (UI-ruimte).;Replace current selection?;Huidige selectie vervangen?;;;;;;;;;;;;;;;;;;;;;;;;;;;;;;;;;;;;;;;;;;;;;;;;;;;;;;;;;;;;;;;;;;;;;;;;;;;;app;Huidige selectie overschrijven?;
Streef naar ± 32 tekens (UI-ruimte).;Ideas for the app? Send us an ;Idee voor de app? Stuur ons een ;;;;;;;;;;;;;;;;;;;;;;;;;;;;;;;;;;;;;;;;;;;;;;;;;;;;;;;;;;;;;;;;;;;;;;;;;;;;app;Hulp nodig? Stuur ons een ;
Streef naar ± 38 tekens (UI-ruimte).;Ideas for the app? Send us an email;Idee voor de app? Stuur ons een e-mail;;;;;;;;;;;;;;;;;;;;;;;;;;;;;;;;;;;;;;;;;;;;;;;;;;;;;;;;;;;;;;;;;;;;;;;;;;;;app;Hulp nodig? Stuur ons een email;
Streef naar ± 5 tekens (UI-ruimte).;Icon;Icoon;;;;;;;;;;;;;;;;;;;;;;;;;;;;;;;;;;;;;;;;;;;;;;;;;;;;;;;;;;;;;;;;;;;;;;;;;;;;app;Icoon;
Streef naar ± 23 tekens (UI-ruimte).;Change icon and color;Icoon en kleur wijzigen;;;;;;;;;;;;;;;;;;;;;;;;;;;;;;;;;;;;;;;;;;;;;;;;;;;;;;;;;;;;;;;;;;;;;;;;;;;;app;Icoon en kleur wijzigen;
Streef naar ± 106 tekens (UI-ruimte).;Finished something? Tap the circle on the right. The item will move to the last category: Finished.;Iets afgerond? Tik op de cirkel rechts. Het item wordt dan verplaatst naar de laatste categorie: Afgerond.;;;;;;;;;;;;;;;;;;;;;;;;;;;;;;;;;;;;;;;;;;;;;;;;;;;;;;;;;;;;;;;;;;;;;;;;;;;;app;Iets afgerond? Tik op de cirkel rechts. Het verhuist naar Afgerond.;
Streef naar ± 66 tekens (UI-ruimte).;In non-leap years, the birthday is shown on February 28.;In niet-schrikkeljaren wordt de verjaardag op 28 februari getoond.;;;;;;;;;;;;;;;;;;;;;;;;;;;;;;;;;;;;;;;;;;;;;;;;;;;;;;;;;;;;;;;;;;;;;;;;;;;;app;In niet-schrikkeljaren wordt de verjaardag op 28 februari getoond.;
Streef naar ± 6 tekens (UI-ruimte). Mogelijk niet vertalen (merknaam/symbool/getal).;Indigo;Indigo;;;;;;;;;;;;;;;;;;;;;;;;;;;;;;;;;;;;;;;;;;;;;;;;;;;;;;;;;;;;;;;;;;;;;;;;;;;;app;Indigo;
Streef naar ± 9 tekens (UI-ruimte).;Collapsed;Ingeklapt;;;;;;;;;;;;;;;;;;;;;;;;;;;;;;;;;;;;;;;;;;;;;;;;;;;;;;;;;;;;;;;;;;;;;;;;;;;;app;Ingeklapt;
Streef naar ± 7 tekens (UI-ruimte).;Content;Inhoud;;;;;;;;;;;;;;;;;;;;;;;;;;;;;;;;;;;;;;;;;;;;;;;;;;;;;;;;;;;;;;;;;;;;;;;;;;;;app;Inhoud;
Streef naar ± 12 tekens (UI-ruimte).;Settings;Instellingen;;;;;;;;;;;;;;;;;;;;;;;;;;;;;;;;;;;;;;;;;;;;;;;;;;;;;;;;;;;;;;;;;;;;;;;;;;;;app;Instellingen;
Streef naar ± 6 tekens (UI-ruimte).;Input;Invoer;;;;;;;;;;;;;;;;;;;;;;;;;;;;;;;;;;;;;;;;;;;;;;;;;;;;;;;;;;;;;;;;;;;;;;;;;;;;app;Invoer;
Streef naar ± 21 tekens (UI-ruimte).;Islamic calendar;Islamitische kalender;;;;;;;;;;;;;;;;;;;;;;;;;;;;;;;;;;;;;;;;;;;;;;;;;;;;;;;;;;;;;;;;;;;;;;;;;;;;app;Islamitische kalender;
Behoud de dynamische plaatshouders exact en in dezelfde volgorde: %@ (%@ = tekst, %lld = getal). Niet vertalen. Streef naar ± 10 tekens (UI-ruimte).;Item at %@;Item op %@;;;;;;;;;;;;;;;;;;;;;;;;;;;;;;;;;;;;;;;;;;;;;;;;;;;;;;;;;;;;;;;;;;;;;;;;;;;;app;Item at %@;
Streef naar ± 30 tekens (UI-ruimte).;Item moved\\nto Finished;Item verplaatst\\nnaar Afgerond;;;;;;;;;;;;;;;;;;;;;;;;;;;;;;;;;;;;;;;;;;;;;;;;;;;;;;;;;;;;;;;;;;;;;;;;;;;;app;Item verplaatst\\nnaar Afgerond;
Streef naar ± 117 tekens (UI-ruimte).;Items older than the selected period will be deleted. A full safety copy will be created automatically first.;Items ouder dan de gekozen periode worden verwijderd. Eerst wordt automatisch een volledige veiligheidskopie gemaakt.;;;;;;;;;;;;;;;;;;;;;;;;;;;;;;;;;;;;;;;;;;;;;;;;;;;;;;;;;;;;;;;;;;;;;;;;;;;;app;Items ouder dan de gekozen periode worden verwijderd. Eerst wordt automatisch een volledige veiligheidskopie gemaakt.;
Streef naar ± 10 tekens (UI-ruimte).;Yes please;Ja graag;;;;;;;;;;;;;;;;;;;;;;;;;;;;;;;;;;;;;;;;;;;;;;;;;;;;;;;;;;;;;;;;;;;;;;;;;;;;app;Ja graag;
Streef naar ± 4 tekens (UI-ruimte).;Year;Jaar;;;;;;;;;;;;;;;;;;;;;;;;;;;;;;;;;;;;;;;;;;;;;;;;;;;;;;;;;;;;;;;;;;;;;;;;;;;;app;Jaar;
Streef naar ± 20 tekens (UI-ruimte).;Yearly (anniversary);Jaarlijks (jubileum);;;;;;;;;;;;;;;;;;;;;;;;;;;;;;;;;;;;;;;;;;;;;;;;;;;;;;;;;;;;;;;;;;;;;;;;;;;;app;Jaarlijks (jubileum);
Streef naar ± 5 tekens (UI-ruimte).;Years;Jaren;;;;;;;;;;;;;;;;;;;;;;;;;;;;;;;;;;;;;;;;;;;;;;;;;;;;;;;;;;;;;;;;;;;;;;;;;;;;app;Jaren;
Streef naar ± 85 tekens (UI-ruimte).;This calendar has no more secrets left for you. Time to start planning the fun stuff!;Deze kalender heeft geen geheimen meer voor jou. Tijd om leuke dingen te plannen!;;;;;;;;;;;;;;;;;;;;;;;;;;;;;;;;;;;;;;;;;;;;;;;;;;;;;;;;;;;;;;;;;;;;;;;;;;;;app;Je agenda staat klaar voor alles wat komt.;
Streef naar ± 92 tekens (UI-ruimte).;Your data is stored privately in iCloud and restored automatically on your Apple devices.;Je gegevens worden privé via iCloud bewaard en automatisch teruggezet op je Apple-apparaten.;;;;;;;;;;;;;;;;;;;;;;;;;;;;;;;;;;;;;;;;;;;;;;;;;;;;;;;;;;;;;;;;;;;;;;;;;;;;app;Je gegevens worden privé via iCloud bewaard en automatisch teruggezet op je Apple-apparaten.;
Behoud de dynamische plaatshouders exact en in dezelfde volgorde: %@ (%@ = tekst, %lld = getal). Niet vertalen. Behoud de regelafbreek (\n). Streef naar ± 151 tekens (UI-ruimte).;Your data has not been deleted. Do not reinstall the app. Try again or contact support.\n\n%@;Je gegevens zijn niet verwijderd. Sluit de app niet opnieuw af en installeer hem niet opnieuw. Probeer het nogmaals of neem contact op met support.\n\n%@;;;;;;;;;;;;;;;;;;;;;;;;;;;;;;;;;;;;;;;;;;;;;;;;;;;;;;;;;;;;;;;;;;;;;;;;;;;;app;Je gegevens zijn niet verwijderd. Sluit de app niet opnieuw af en installeer hem niet opnieuw. Probeer het nogmaals of neem contact op met support.\n\n%@;
Behoud speciale tekens: ’. Streef naar ± 112 tekens (UI-ruimte).;This one’s off your list. No need to keep everything in your head anymore. From now on, just write it down here.;Deze taak mag van je lijstje. Je hoeft niks meer te onthouden: vanaf nu schrijf je het gewoon hierop.;;;;;;;;;;;;;;;;;;;;;;;;;;;;;;;;;;;;;;;;;;;;;;;;;;;;;;;;;;;;;;;;;;;;;;;;;;;;app;Je hebt je taken helemaal in de hand.;
Streef naar ± 130 tekens (UI-ruimte).;Nice work! This is where you manage everything that repeats. Your recurring items are scheduled endlessly, based on your settings.;Lekker bezig! Hier regel je alle taken die terugkomen. Ze worden eindeloos doorgepland op basis van jouw instellingen.;;;;;;;;;;;;;;;;;;;;;;;;;;;;;;;;;;;;;;;;;;;;;;;;;;;;;;;;;;;;;;;;;;;;;;;;;;;;app;Je herhalingen regelen voortaan zichzelf.;
Streef naar ± 86 tekens (UI-ruimte).;Your current location could not be determined. Try again or enter a place yourself.;Je huidige locatie kon niet worden bepaald. Probeer opnieuw of vul zelf een plaats in.;;;;;;;;;;;;;;;;;;;;;;;;;;;;;;;;;;;;;;;;;;;;;;;;;;;;;;;;;;;;;;;;;;;;;;;;;;;;app;Je huidige locatie kon niet worden bepaald. Probeer opnieuw of vul zelf een plaats in.;
Behoud speciale tekens: ’. Streef naar ± 235 tekens (UI-ruimte).;You’ll receive a summary of today’s unfinished tasks. If there are no unfinished tasks, nothing is sent at the scheduled time. The notification may not appear while your phone is in Sleep or another Focus mode.;Je krijgt een overzicht van de openstaande taken van vandaag. Zijn er geen openstaande taken, dan wordt op de geplande tijd niets verstuurd. De melding is mogelijk niet zichtbaar als je telefoon in Slaap of een andere focusmodus staat.;;;;;;;;;;;;;;;;;;;;;;;;;;;;;;;;;;;;;;;;;;;;;;;;;;;;;;;;;;;;;;;;;;;;;;;;;;;;app;Je krijgt een overzicht van de openstaande taken van vandaag. Zijn er geen openstaande taken, dan wordt op de geplande tijd niets verstuurd. De melding is mogelijk niet zichtbaar als je telefoon in slaap- of nachtmodus staat.;
Streef naar ± 140 tekens (UI-ruimte).;Your country was selected automatically based on your region. Turn off the switch to also see holidays and observances from other countries.;Je land is automatisch gekozen op basis van je regio. Zet de schakelaar uit om ook feestdagen en vieringen uit andere landen te zien.;;;;;;;;;;;;;;;;;;;;;;;;;;;;;;;;;;;;;;;;;;;;;;;;;;;;;;;;;;;;;;;;;;;;;;;;;;;;app;Je land is automatisch gekozen op basis van je regio. Zet de schakelaar uit om ook feestdagen en vieringen uit andere landen te zien.;
Streef naar ± 106 tekens (UI-ruimte).;Your location is only used to retrieve the weather. The selected place is stored on this device.;Je locatie wordt alleen gebruikt om het weer op te halen. De gekozen plaats wordt op dit apparaat bewaard.;;;;;;;;;;;;;;;;;;;;;;;;;;;;;;;;;;;;;;;;;;;;;;;;;;;;;;;;;;;;;;;;;;;;;;;;;;;;app;Je locatie wordt alleen gebruikt om het weer op te halen. De gekozen plaats wordt op dit apparaat bewaard.;
Behoud speciale tekens: ’. Streef naar ± 98 tekens (UI-ruimte).;That’s it! Enjoy using the app. Share it with friends and family too, it’s 100% free.;Dat was ’m! Veel plezier met de app. Deel hem ook met vrienden en familie, hij is helemaal gratis.;;;;;;;;;;;;;;;;;;;;;;;;;;;;;;;;;;;;;;;;;;;;;;;;;;;;;;;;;;;;;;;;;;;;;;;;;;;;app;Je weet nu precies hoe Afgerond werkt.;
Streef naar ± 8 tekens (UI-ruimte).;Calendar;Kalender;;;;;;;;;;;;;;;;;;;;;;;;;;;;;;;;;;;;;;;;;;;;;;;;;;;;;;;;;;;;;;;;;;;;;;;;;;;;app;Kalender;
Streef naar ± 16 tekens (UI-ruimte).;Calendar + tasks;Kalender + taken;;;;;;;;;;;;;;;;;;;;;;;;;;;;;;;;;;;;;;;;;;;;;;;;;;;;;;;;;;;;;;;;;;;;;;;;;;;;app;Kalender + taken;
Behoud speciale tekens: …. Streef naar ± 24 tekens (UI-ruimte).;Syncing Calendar…;Kalender synchroniseren…;;;;;;;;;;;;;;;;;;;;;;;;;;;;;;;;;;;;;;;;;;;;;;;;;;;;;;;;;;;;;;;;;;;;;;;;;;;;app;Kalender synchroniseren…;
Streef naar ± 16 tekens (UI-ruimte).;Calendar Today;Kalender vandaag;;;;;;;;;;;;;;;;;;;;;;;;;;;;;;;;;;;;;;;;;;;;;;;;;;;;;;;;;;;;;;;;;;;;;;;;;;;;app;Kalender vandaag;
Streef naar ± 15 tekens (UI-ruimte).;Calendar period;Kalenderperiode;;;;;;;;;;;;;;;;;;;;;;;;;;;;;;;;;;;;;;;;;;;;;;;;;;;;;;;;;;;;;;;;;;;;;;;;;;;;app;Kalenderperiode;
Streef naar ± 16 tekens (UI-ruimte).;Calendar View;Kalenderweergave;;;;;;;;;;;;;;;;;;;;;;;;;;;;;;;;;;;;;;;;;;;;;;;;;;;;;;;;;;;;;;;;;;;;;;;;;;;;app;Kalenderweergave;
Streef naar ± 11 tekens (UI-ruimte).;Choose Date;Kies datum;;;;;;;;;;;;;;;;;;;;;;;;;;;;;;;;;;;;;;;;;;;;;;;;;;;;;;;;;;;;;;;;;;;;;;;;;;;;app;Kies datum;
Streef naar ± 14 tekens (UI-ruimte).;Choose a Date;Kies een datum;;;;;;;;;;;;;;;;;;;;;;;;;;;;;;;;;;;;;;;;;;;;;;;;;;;;;;;;;;;;;;;;;;;;;;;;;;;;app;Kies een datum;
Streef naar ± 68 tekens (UI-ruimte).;Choose how Forget It determines the place for your weather forecast.;Kies hoe Forget It de plaats voor je weersverwachting bepaalt.;;;;;;;;;;;;;;;;;;;;;;;;;;;;;;;;;;;;;;;;;;;;;;;;;;;;;;;;;;;;;;;;;;;;;;;;;;;;app;Kies hoe Don’t forget de plaats voor je weersverwachting bepaalt.;
Streef naar ± 21 tekens (UI-ruimte).;Finish Moving;Klaar met verplaatsen;;;;;;;;;;;;;;;;;;;;;;;;;;;;;;;;;;;;;;;;;;;;;;;;;;;;;;;;;;;;;;;;;;;;;;;;;;;;app;Klaar met verplaatsen;
Streef naar ± 5 tekens (UI-ruimte).;Small;Klein;;;;;;;;;;;;;;;;;;;;;;;;;;;;;;;;;;;;;;;;;;;;;;;;;;;;;;;;;;;;;;;;;;;;;;;;;;;;app;Klein;
Streef naar ± 5 tekens (UI-ruimte).;Color;Kleur;;;;;;;;;;;;;;;;;;;;;;;;;;;;;;;;;;;;;;;;;;;;;;;;;;;;;;;;;;;;;;;;;;;;;;;;;;;;app;Kleur;
Behoud de dynamische plaatshouders exact en in dezelfde volgorde: %@ (%@ = tekst, %lld = getal). Niet vertalen. Streef naar ± 31 tekens (UI-ruimte).;Change color and icon for %@;Kleur en icoon van %@ aanpassen;;;;;;;;;;;;;;;;;;;;;;;;;;;;;;;;;;;;;;;;;;;;;;;;;;;;;;;;;;;;;;;;;;;;;;;;;;;;app;Kleur en icoon van %@ aanpassen;
Behoud de dynamische plaatshouders exact en in dezelfde volgorde: %@ (%@ = tekst, %lld = getal). Niet vertalen. Streef naar ± 13 tekens (UI-ruimte).;Color for %@;Kleur voor %@;;;;;;;;;;;;;;;;;;;;;;;;;;;;;;;;;;;;;;;;;;;;;;;;;;;;;;;;;;;;;;;;;;;;;;;;;;;;app;Kleur voor %@;
Streef naar ± 7 tekens (UI-ruimte).;Colors;Kleuren;;;;;;;;;;;;;;;;;;;;;;;;;;;;;;;;;;;;;;;;;;;;;;;;;;;;;;;;;;;;;;;;;;;;;;;;;;;;app;Kleuren;
Streef naar ± 93 tekens (UI-ruimte).;Securely connect Forget It to your Apple Account. You can disconnect it later.;Koppel Forget It veilig aan je Apple-account. Je kunt deze koppeling later weer uitschakelen.;;;;;;;;;;;;;;;;;;;;;;;;;;;;;;;;;;;;;;;;;;;;;;;;;;;;;;;;;;;;;;;;;;;;;;;;;;;;app;Koppel Don't forget veilig aan je Apple-account. Je kunt deze koppeling later weer uitschakelen.;
Streef naar ± 34 tekens (UI-ruimte).;Show Local Holidays Only;Laat alleen lokale feestdagen zien;;;;;;;;;;;;;;;;;;;;;;;;;;;;;;;;;;;;;;;;;;;;;;;;;;;;;;;;;;;;;;;;;;;;;;;;;;;;app;Laat alleen lokale feestdagen zien;
Streef naar ± 7 tekens (UI-ruimte).;Last;Laatste;;;;;;;;;;;;;;;;;;;;;;;;;;;;;;;;;;;;;;;;;;;;;;;;;;;;;;;;;;;;;;;;;;;;;;;;;;;;app;Laatste;
Streef naar ± 32 tekens (UI-ruimte).;Save latest safety copy;Laatste veiligheidskopie bewaren;;;;;;;;;;;;;;;;;;;;;;;;;;;;;;;;;;;;;;;;;;;;;;;;;;;;;;;;;;;;;;;;;;;;;;;;;;;;app;Laatste veiligheidskopie bewaren;
Streef naar ± 36 tekens (UI-ruimte).;Restore latest safety copy;Laatste veiligheidskopie terugzetten;;;;;;;;;;;;;;;;;;;;;;;;;;;;;;;;;;;;;;;;;;;;;;;;;;;;;;;;;;;;;;;;;;;;;;;;;;;;app;Laatste veiligheidskopie terugzetten;
Streef naar ± 30 tekens (UI-ruimte).;Undo last change;Laatste wijziging terugdraaien;;;;;;;;;;;;;;;;;;;;;;;;;;;;;;;;;;;;;;;;;;;;;;;;;;;;;;;;;;;;;;;;;;;;;;;;;;;;app;Laatste wijziging terugdraaien;
Streef naar ± 11 tekens (UI-ruimte).;Long text;Lange tekst;;;;;;;;;;;;;;;;;;;;;;;;;;;;;;;;;;;;;;;;;;;;;;;;;;;;;;;;;;;;;;;;;;;;;;;;;;;;app;Lange tekst;
Streef naar ± 5 tekens (UI-ruimte). Mogelijk niet vertalen (merknaam/symbool/getal).;Later;Later;;;;;;;;;;;;;;;;;;;;;;;;;;;;;;;;;;;;;;;;;;;;;;;;;;;;;;;;;;;;;;;;;;;;;;;;;;;;app;Later;
Streef naar ± 37 tekens (UI-ruimte).;You can change this later in Settings;Later aanpasbaar in Instellingen;;;;;;;;;;;;;;;;;;;;;;;;;;;;;;;;;;;;;;;;;;;;;;;;;;;;;;;;;;;;;;;;;;;;;;;;;;;;app;Later aanpasbaar in Instellingen;
Streef naar ± 8 tekens (UI-ruimte).;Age;Leeftijd;;;;;;;;;;;;;;;;;;;;;;;;;;;;;;;;;;;;;;;;;;;;;;;;;;;;;;;;;;;;;;;;;;;;;;;;;;;;app;Leeftijd;
Streef naar ± 13 tekens (UI-ruimte).;Age/year;Leeftijd/jaar;;;;;;;;;;;;;;;;;;;;;;;;;;;;;;;;;;;;;;;;;;;;;;;;;;;;;;;;;;;;;;;;;;;;;;;;;;;;app;Leeftijd/jaar;
Streef naar ± 21 tekens (UI-ruimte).;Age/year uncertain;Leeftijd/jaar onzeker;;;;;;;;;;;;;;;;;;;;;;;;;;;;;;;;;;;;;;;;;;;;;;;;;;;;;;;;;;;;;;;;;;;;;;;;;;;;app;Leeftijd/jaar onzeker;
Streef naar ± 25 tekens (UI-ruimte).;Delete empty link field;Leeg linkveld verwijderen;;;;;;;;;;;;;;;;;;;;;;;;;;;;;;;;;;;;;;;;;;;;;;;;;;;;;;;;;;;;;;;;;;;;;;;;;;;;app;Leeg linkveld verwijderen;
Streef naar ± 10 tekens (UI-ruimte).;Light blue;Lichtblauw;;;;;;;;;;;;;;;;;;;;;;;;;;;;;;;;;;;;;;;;;;;;;;;;;;;;;;;;;;;;;;;;;;;;;;;;;;;;app;Lichtblauw;
Streef naar ± 23 tekens (UI-ruimte).;Light blue widget color;Lichtblauwe widgetkleur;;;;;;;;;;;;;;;;;;;;;;;;;;;;;;;;;;;;;;;;;;;;;;;;;;;;;;;;;;;;;;;;;;;;;;;;;;;;app;Lichtblauwe widgetkleur;
Streef naar ± 10 tekens (UI-ruimte).;Light blue;Lichtblauw;;;;;;;;;;;;;;;;;;;;;;;;;;;;;;;;;;;;;;;;;;;;;;;;;;;;;;;;;;;;;;;;;;;;;;;;;;;;app;Light blue;
Streef naar ± 5 tekens (UI-ruimte).;List;Lijst;;;;;;;;;;;;;;;;;;;;;;;;;;;;;;;;;;;;;;;;;;;;;;;;;;;;;;;;;;;;;;;;;;;;;;;;;;;;app;Lijst;
Behoud de dynamische plaatshouders exact en in dezelfde volgorde: %lld (%@ = tekst, %lld = getal). Niet vertalen. Streef naar ± 9 tekens (UI-ruimte). Mogelijk niet vertalen (merknaam/symbool/getal).;Link %lld;Link %lld;;;;;;;;;;;;;;;;;;;;;;;;;;;;;;;;;;;;;;;;;;;;;;;;;;;;;;;;;;;;;;;;;;;;;;;;;;;;app;Link %lld;
Streef naar ± 16 tekens (UI-ruimte).;Delete link;Link verwijderen;;;;;;;;;;;;;;;;;;;;;;;;;;;;;;;;;;;;;;;;;;;;;;;;;;;;;;;;;;;;;;;;;;;;;;;;;;;;app;Link verwijderen;
Streef naar ± 18 tekens (UI-ruimte).;Edit link name;Linknaam aanpassen;;;;;;;;;;;;;;;;;;;;;;;;;;;;;;;;;;;;;;;;;;;;;;;;;;;;;;;;;;;;;;;;;;;;;;;;;;;;app;Linknaam aanpassen;
Streef naar ± 5 tekens (UI-ruimte). Mogelijk niet vertalen (merknaam/symbool/getal).;Links;Links;;;;;;;;;;;;;;;;;;;;;;;;;;;;;;;;;;;;;;;;;;;;;;;;;;;;;;;;;;;;;;;;;;;;;;;;;;;;app;Links;
Behoud speciale tekens: …. Streef naar ± 21 tekens (UI-ruimte).;Determining location…;Locatie bepalen…;;;;;;;;;;;;;;;;;;;;;;;;;;;;;;;;;;;;;;;;;;;;;;;;;;;;;;;;;;;;;;;;;;;;;;;;;;;;app;Locatie bepalen…;
Streef naar ± 68 tekens (UI-ruimte).;Location access is not allowed. Enter a place below yourself.;Locatietoegang is niet toegestaan. Vul hieronder zelf een plaats in.;;;;;;;;;;;;;;;;;;;;;;;;;;;;;;;;;;;;;;;;;;;;;;;;;;;;;;;;;;;;;;;;;;;;;;;;;;;;app;Locatietoegang is niet toegestaan. Vul hieronder zelf een plaats in.;
Streef naar ± 20 tekens (UI-ruimte).;Lock Screen widget;Toegangsschermwidget;;;;;;;;;;;;;;;;;;;;;;;;;;;;;;;;;;;;;;;;;;;;;;;;;;;;;;;;;;;;;;;;;;;;;;;;;;;;app;Lockscreen-widget;
Streef naar ± 33 tekens (UI-ruimte).;Configure Lock Screen widget;Toegangsschermwidget configureren;;;;;;;;;;;;;;;;;;;;;;;;;;;;;;;;;;;;;;;;;;;;;;;;;;;;;;;;;;;;;;;;;;;;;;;;;;;;app;Lockscreen-widget configureren;
Streef naar ± 21 tekens (UI-ruimte).;Sign in with Apple ID;Log in met Apple ID;;;;;;;;;;;;;;;;;;;;;;;;;;;;;;;;;;;;;;;;;;;;;;;;;;;;;;;;;;;;;;;;;;;;;;;;;;;;app;Log in met Apple ID;
Behoud speciale tekens: …. Streef naar ± 10 tekens (UI-ruimte).;Listening…;Luistert…;;;;;;;;;;;;;;;;;;;;;;;;;;;;;;;;;;;;;;;;;;;;;;;;;;;;;;;;;;;;;;;;;;;;;;;;;;;;app;Luistert…;
Streef naar ± 71 tekens (UI-ruimte).;Tap the plus button in your category to create a new recurring item.;Tik binnen je categorie op het plusje om een nieuwe herhaling te maken.;;;;;;;;;;;;;;;;;;;;;;;;;;;;;;;;;;;;;;;;;;;;;;;;;;;;;;;;;;;;;;;;;;;;;;;;;;;;app;Maak binnen je categorie een nieuwe herhaling door op het plusje te tikken.;
Streef naar ± 72 tekens (UI-ruimte).;Create a custom holiday with a fixed date or a weekday of the month.;Maak een eigen feestdag met een vaste datum of een weekdag van de maand.;;;;;;;;;;;;;;;;;;;;;;;;;;;;;;;;;;;;;;;;;;;;;;;;;;;;;;;;;;;;;;;;;;;;;;;;;;;;app;Maak een eigen feestdag met een vaste datum of een weekdag van de maand.;
Behoud speciale tekens: ’. Streef naar ± 75 tekens (UI-ruimte).;Type in a category’s input field to create a task there.;Schrijf iets in het invoerveld van een categorie om daar een taak te maken.;;;;;;;;;;;;;;;;;;;;;;;;;;;;;;;;;;;;;;;;;;;;;;;;;;;;;;;;;;;;;;;;;;;;;;;;;;;;app;Maak een taak in een categorie door in het invoerveld iets te schrijven.;
Streef naar ± 90 tekens (UI-ruimte).;Create your own category. Tap the text in the new block and give the category a name.;Maak je eigen categorie. Tik op de tekst in het nieuwe blok en geef de categorie een naam.;;;;;;;;;;;;;;;;;;;;;;;;;;;;;;;;;;;;;;;;;;;;;;;;;;;;;;;;;;;;;;;;;;;;;;;;;;;;app;Maak zelf een categorie. Tik op de tekst in het nieuwe blok en kies een naam.;
Streef naar ± 5 tekens (UI-ruimte).;Month;Maand;;;;;;;;;;;;;;;;;;;;;;;;;;;;;;;;;;;;;;;;;;;;;;;;;;;;;;;;;;;;;;;;;;;;;;;;;;;;app;Maand;
Streef naar ± 7 tekens (UI-ruimte).;Monday;Maandag;;;;;;;;;;;;;;;;;;;;;;;;;;;;;;;;;;;;;;;;;;;;;;;;;;;;;;;;;;;;;;;;;;;;;;;;;;;;app;Maandag;
Streef naar ± 20 tekens (UI-ruimte).;Monthly on a date;Maandelijks op datum;;;;;;;;;;;;;;;;;;;;;;;;;;;;;;;;;;;;;;;;;;;;;;;;;;;;;;;;;;;;;;;;;;;;;;;;;;;;app;Maandelijks op datum;
Streef naar ± 22 tekens (UI-ruimte).;Monthly on a weekday;Maandelijks op weekdag;;;;;;;;;;;;;;;;;;;;;;;;;;;;;;;;;;;;;;;;;;;;;;;;;;;;;;;;;;;;;;;;;;;;;;;;;;;;app;Maandelijks op weekdag;
Streef naar ± 7 tekens (UI-ruimte).;Months;Maanden;;;;;;;;;;;;;;;;;;;;;;;;;;;;;;;;;;;;;;;;;;;;;;;;;;;;;;;;;;;;;;;;;;;;;;;;;;;;app;Maanden;
Streef naar ± 20 tekens (UI-ruimte).;Mark as completed;Markeer als afgerond;;;;;;;;;;;;;;;;;;;;;;;;;;;;;;;;;;;;;;;;;;;;;;;;;;;;;;;;;;;;;;;;;;;;;;;;;;;;app;Markeer als afgerond;
Streef naar ± 7 tekens (UI-ruimte).;Message;Melding;;;;;;;;;;;;;;;;;;;;;;;;;;;;;;;;;;;;;;;;;;;;;;;;;;;;;;;;;;;;;;;;;;;;;;;;;;;;app;Melding;
Streef naar ± 26 tekens (UI-ruimte).;Notifications Unavailable;Meldingen niet beschikbaar;;;;;;;;;;;;;;;;;;;;;;;;;;;;;;;;;;;;;;;;;;;;;;;;;;;;;;;;;;;;;;;;;;;;;;;;;;;;app;Meldingen niet beschikbaar;
Streef naar ± 6 tekens (UI-ruimte).;With -;Met -;;;;;;;;;;;;;;;;;;;;;;;;;;;;;;;;;;;;;;;;;;;;;;;;;;;;;;;;;;;;;;;;;;;;;;;;;;;;app;Met -;
Behoud speciale tekens: …. Streef naar ± 6 tekens (UI-ruimte).;With …;Met …;;;;;;;;;;;;;;;;;;;;;;;;;;;;;;;;;;;;;;;;;;;;;;;;;;;;;;;;;;;;;;;;;;;;;;;;;;;;app;Met …;
Streef naar ± 12 tekens (UI-ruimte).;After 1 year;Na 1 jaar;;;;;;;;;;;;;;;;;;;;;;;;;;;;;;;;;;;;;;;;;;;;;;;;;;;;;;;;;;;;;;;;;;;;;;;;;;;;app;Na 1 jaar;
Streef naar ± 13 tekens (UI-ruimte).;After 1 month;Na 1 maand;;;;;;;;;;;;;;;;;;;;;;;;;;;;;;;;;;;;;;;;;;;;;;;;;;;;;;;;;;;;;;;;;;;;;;;;;;;;app;Na 1 maand;
Streef naar ± 12 tekens (UI-ruimte).;After 1 week;Na 1 week;;;;;;;;;;;;;;;;;;;;;;;;;;;;;;;;;;;;;;;;;;;;;;;;;;;;;;;;;;;;;;;;;;;;;;;;;;;;app;Na 1 week;
Streef naar ± 4 tekens (UI-ruimte).;Name;Naam;;;;;;;;;;;;;;;;;;;;;;;;;;;;;;;;;;;;;;;;;;;;;;;;;;;;;;;;;;;;;;;;;;;;;;;;;;;;app;Naam;
Streef naar ± 16 tekens (UI-ruimte).;Move to Calendar;Naar agenda;;;;;;;;;;;;;;;;;;;;;;;;;;;;;;;;;;;;;;;;;;;;;;;;;;;;;;;;;;;;;;;;;;;;;;;;;;;;app;Naar agenda;
Streef naar ± 23 tekens (UI-ruimte).;Move to calendar;Naar agenda verplaatsen;;;;;;;;;;;;;;;;;;;;;;;;;;;;;;;;;;;;;;;;;;;;;;;;;;;;;;;;;;;;;;;;;;;;;;;;;;;;app;Naar agenda verplaatsen;
Behoud speciale tekens: …. Streef naar ± 17 tekens (UI-ruimte).;Move to Calendar…;Naar agenda...;;;;;;;;;;;;;;;;;;;;;;;;;;;;;;;;;;;;;;;;;;;;;;;;;;;;;;;;;;;;;;;;;;;;;;;;;;;;app;Naar agenda...;
Streef naar ± 13 tekens (UI-ruimte).;Move to today;Naar vandaag;;;;;;;;;;;;;;;;;;;;;;;;;;;;;;;;;;;;;;;;;;;;;;;;;;;;;;;;;;;;;;;;;;;;;;;;;;;;app;Naar vandaag;
Behoud de dynamische plaatshouders exact en in dezelfde volgorde: %@ (%@ = tekst, %lld = getal). Niet vertalen. Streef naar ± 15 tekens (UI-ruimte).;To today %@;Naar vandaag %@;;;;;;;;;;;;;;;;;;;;;;;;;;;;;;;;;;;;;;;;;;;;;;;;;;;;;;;;;;;;;;;;;;;;;;;;;;;;app;Naar vandaag %@;
Streef naar ± 4 tekens (UI-ruimte).;None;Geen;;;;;;;;;;;;;;;;;;;;;;;;;;;;;;;;;;;;;;;;;;;;;;;;;;;;;;;;;;;;;;;;;;;;;;;;;;;;app;Niet;
Streef naar ± 5 tekens (UI-ruimte).;New;Nieuw;;;;;;;;;;;;;;;;;;;;;;;;;;;;;;;;;;;;;;;;;;;;;;;;;;;;;;;;;;;;;;;;;;;;;;;;;;;;app;Nieuw;
Streef naar ± 17 tekens (UI-ruimte).;New calendar item;Nieuw agenda-item;;;;;;;;;;;;;;;;;;;;;;;;;;;;;;;;;;;;;;;;;;;;;;;;;;;;;;;;;;;;;;;;;;;;;;;;;;;;app;Nieuw agenda-item;
Streef naar ± 10 tekens (UI-ruimte).;New item;Nieuw item;;;;;;;;;;;;;;;;;;;;;;;;;;;;;;;;;;;;;;;;;;;;;;;;;;;;;;;;;;;;;;;;;;;;;;;;;;;;app;Nieuw item;
Streef naar ± 16 tekens (UI-ruimte).;New Category;Nieuwe categorie;;;;;;;;;;;;;;;;;;;;;;;;;;;;;;;;;;;;;;;;;;;;;;;;;;;;;;;;;;;;;;;;;;;;;;;;;;;;app;Nieuwe categorie;
Streef naar ± 25 tekens (UI-ruimte).;Enter new category;Nieuwe categorie invoeren;;;;;;;;;;;;;;;;;;;;;;;;;;;;;;;;;;;;;;;;;;;;;;;;;;;;;;;;;;;;;;;;;;;;;;;;;;;;app;Nieuwe categorie invoeren;
Streef naar ± 12 tekens (UI-ruimte).;New date;Nieuwe datum;;;;;;;;;;;;;;;;;;;;;;;;;;;;;;;;;;;;;;;;;;;;;;;;;;;;;;;;;;;;;;;;;;;;;;;;;;;;app;Nieuwe datum;
Streef naar ± 12 tekens (UI-ruimte).;New Group;Nieuwe groep;;;;;;;;;;;;;;;;;;;;;;;;;;;;;;;;;;;;;;;;;;;;;;;;;;;;;;;;;;;;;;;;;;;;;;;;;;;;app;Nieuwe groep;
Streef naar ± 16 tekens (UI-ruimte).;New Recurrence;Nieuwe herhaling;;;;;;;;;;;;;;;;;;;;;;;;;;;;;;;;;;;;;;;;;;;;;;;;;;;;;;;;;;;;;;;;;;;;;;;;;;;;app;Nieuwe herhaling;
Streef naar ± 11 tekens (UI-ruimte).;New Task;Nieuwe taak;;;;;;;;;;;;;;;;;;;;;;;;;;;;;;;;;;;;;;;;;;;;;;;;;;;;;;;;;;;;;;;;;;;;;;;;;;;;app;Nieuwe taak;
Streef naar ± 20 tekens (UI-ruimte).;Enter New Task;Nieuwe taak invoeren;;;;;;;;;;;;;;;;;;;;;;;;;;;;;;;;;;;;;;;;;;;;;;;;;;;;;;;;;;;;;;;;;;;;;;;;;;;;app;Nieuwe taak invoeren;
Streef naar ± 12 tekens (UI-ruimte).;New To-do;Nieuwe to-do;;;;;;;;;;;;;;;;;;;;;;;;;;;;;;;;;;;;;;;;;;;;;;;;;;;;;;;;;;;;;;;;;;;;;;;;;;;;app;Nieuwe to-do;
Streef naar ± 20 tekens (UI-ruimte).;Nothing finished yet;Nog niets afgerond;;;;;;;;;;;;;;;;;;;;;;;;;;;;;;;;;;;;;;;;;;;;;;;;;;;;;;;;;;;;;;;;;;;;;;;;;;;;app;Nog niets afgerond;
Behoud speciale tekens: ’. Streef naar ± 62 tekens (UI-ruimte).;You’ll find more useful settings in the menu at the top right.;In het menu rechtsboven vind je nog meer handige instellingen.;;;;;;;;;;;;;;;;;;;;;;;;;;;;;;;;;;;;;;;;;;;;;;;;;;;;;;;;;;;;;;;;;;;;;;;;;;;;app;Nog veel meer handige instellingen vind je achter het menu rechtsbovenin.;
Streef naar ± 5 tekens (UI-ruimte).;Never;Nooit;;;;;;;;;;;;;;;;;;;;;;;;;;;;;;;;;;;;;;;;;;;;;;;;;;;;;;;;;;;;;;;;;;;;;;;;;;;;app;Nooit;
Streef naar ± 7 tekens (UI-ruimte).;Note;Notitie;;;;;;;;;;;;;;;;;;;;;;;;;;;;;;;;;;;;;;;;;;;;;;;;;;;;;;;;;;;;;;;;;;;;;;;;;;;;app;Notitie;
Streef naar ± 8 tekens (UI-ruimte).;Notes;Notities;;;;;;;;;;;;;;;;;;;;;;;;;;;;;;;;;;;;;;;;;;;;;;;;;;;;;;;;;;;;;;;;;;;;;;;;;;;;app;Notities;
Behoud de dynamische plaatshouders exact en in dezelfde volgorde: %lld (%@ = tekst, %lld = getal). Niet vertalen. Streef naar ± 18 tekens (UI-ruimte).;Now %lld years old;Nu %lld jaar;;;;;;;;;;;;;;;;;;;;;;;;;;;;;;;;;;;;;;;;;;;;;;;;;;;;;;;;;;;;;;;;;;;;;;;;;;;;app;Nu %lld jaar;
Streef naar ± 2 tekens (UI-ruimte). Mogelijk niet vertalen (merknaam/symbool/getal).;OK;OK;;;;;;;;;;;;;;;;;;;;;;;;;;;;;;;;;;;;;;;;;;;;;;;;;;;;;;;;;;;;;;;;;;;;;;;;;;;;app;OK;
Streef naar ± 26 tekens (UI-ruimte).;Or enter a place yourself;Of stel zelf een plaats in;;;;;;;;;;;;;;;;;;;;;;;;;;;;;;;;;;;;;;;;;;;;;;;;;;;;;;;;;;;;;;;;;;;;;;;;;;;;app;Of stel zelf een plaats in;
Streef naar ± 7 tekens (UI-ruimte).;Move up;Omhoog;;;;;;;;;;;;;;;;;;;;;;;;;;;;;;;;;;;;;;;;;;;;;;;;;;;;;;;;;;;;;;;;;;;;;;;;;;;;app;Omhoog;
Streef naar ± 9 tekens (UI-ruimte).;Move down;Omlaag;;;;;;;;;;;;;;;;;;;;;;;;;;;;;;;;;;;;;;;;;;;;;;;;;;;;;;;;;;;;;;;;;;;;;;;;;;;;app;Omlaag;
Streef naar ± 12 tekens (UI-ruimte).;Description;Omschrijving;;;;;;;;;;;;;;;;;;;;;;;;;;;;;;;;;;;;;;;;;;;;;;;;;;;;;;;;;;;;;;;;;;;;;;;;;;;;app;Omschrijving;
Streef naar ± 8 tekens (UI-ruimte).;Unknown;Onbekend;;;;;;;;;;;;;;;;;;;;;;;;;;;;;;;;;;;;;;;;;;;;;;;;;;;;;;;;;;;;;;;;;;;;;;;;;;;;app;Onbekend;
Streef naar ± 23 tekens (UI-ruimte).;Unknown iCloud status;Onbekende iCloud-status;;;;;;;;;;;;;;;;;;;;;;;;;;;;;;;;;;;;;;;;;;;;;;;;;;;;;;;;;;;;;;;;;;;;;;;;;;;;app;Onbekende iCloud-status;
Streef naar ± 14 tekens (UI-ruimte).;Undo;Ongedaan maken;;;;;;;;;;;;;;;;;;;;;;;;;;;;;;;;;;;;;;;;;;;;;;;;;;;;;;;;;;;;;;;;;;;;;;;;;;;;app;Ongedaan maken;
Streef naar ± 25 tekens (UI-ruimte).;Approximate / spontaneous;Ongeveer / spontaan;;;;;;;;;;;;;;;;;;;;;;;;;;;;;;;;;;;;;;;;;;;;;;;;;;;;;;;;;;;;;;;;;;;;;;;;;;;;app;Ongeveer / spontaan;
Streef naar ± 19 tekens (UI-ruimte).;Approximately daily;Ongeveer dagelijks;;;;;;;;;;;;;;;;;;;;;;;;;;;;;;;;;;;;;;;;;;;;;;;;;;;;;;;;;;;;;;;;;;;;;;;;;;;;app;Ongeveer dagelijks;
Streef naar ± 22 tekens (UI-ruimte).;Approximately annually;Ongeveer jaarlijks;;;;;;;;;;;;;;;;;;;;;;;;;;;;;;;;;;;;;;;;;;;;;;;;;;;;;;;;;;;;;;;;;;;;;;;;;;;;app;Ongeveer jaarlijks;
Streef naar ± 21 tekens (UI-ruimte).;Approximately monthly;Ongeveer maandelijks;;;;;;;;;;;;;;;;;;;;;;;;;;;;;;;;;;;;;;;;;;;;;;;;;;;;;;;;;;;;;;;;;;;;;;;;;;;;app;Ongeveer maandelijks;
Streef naar ± 20 tekens (UI-ruimte).;Approximately weekly;Ongeveer wekelijks;;;;;;;;;;;;;;;;;;;;;;;;;;;;;;;;;;;;;;;;;;;;;;;;;;;;;;;;;;;;;;;;;;;;;;;;;;;;app;Ongeveer wekelijks;
Streef naar ± 9 tekens (UI-ruimte).;Uncertain;Onzeker;;;;;;;;;;;;;;;;;;;;;;;;;;;;;;;;;;;;;;;;;;;;;;;;;;;;;;;;;;;;;;;;;;;;;;;;;;;;app;Onzeker;
Streef naar ± 33 tekens (UI-ruimte).;Also move future items;Ook toekomstige items verplaatsen;;;;;;;;;;;;;;;;;;;;;;;;;;;;;;;;;;;;;;;;;;;;;;;;;;;;;;;;;;;;;;;;;;;;;;;;;;;;app;Ook toekomstige items verplaatsen;
Streef naar ± 14 tekens (UI-ruimte). Mogelijk niet vertalen (merknaam/symbool/getal).;Open Forget It;Open Forget It;;;;;;;;;;;;;;;;;;;;;;;;;;;;;;;;;;;;;;;;;;;;;;;;;;;;;;;;;;;;;;;;;;;;;;;;;;;;app;Open Forget It;
Streef naar ± 13 tekens (UI-ruimte).;Open calendar;Open kalender;;;;;;;;;;;;;;;;;;;;;;;;;;;;;;;;;;;;;;;;;;;;;;;;;;;;;;;;;;;;;;;;;;;;;;;;;;;;app;Open kalender;
Streef naar ± 9 tekens (UI-ruimte). Mogelijk niet vertalen (merknaam/symbool/getal).;Open link;Open link;;;;;;;;;;;;;;;;;;;;;;;;;;;;;;;;;;;;;;;;;;;;;;;;;;;;;;;;;;;;;;;;;;;;;;;;;;;;app;Open link;
Streef naar ± 6 tekens (UI-ruimte).;Open;Openen;;;;;;;;;;;;;;;;;;;;;;;;;;;;;;;;;;;;;;;;;;;;;;;;;;;;;;;;;;;;;;;;;;;;;;;;;;;;app;Openen;
Streef naar ± 49 tekens (UI-ruimte).;Immediately opens an input field for a new task.;Opent direct een invoerveld voor een nieuwe taak.;;;;;;;;;;;;;;;;;;;;;;;;;;;;;;;;;;;;;;;;;;;;;;;;;;;;;;;;;;;;;;;;;;;;;;;;;;;;app;Opent direct een invoerveld voor een nieuwe taak.;
Streef naar ± 7 tekens (UI-ruimte).;Replay;Opnieuw;;;;;;;;;;;;;;;;;;;;;;;;;;;;;;;;;;;;;;;;;;;;;;;;;;;;;;;;;;;;;;;;;;;;;;;;;;;;app;Opnieuw;
Streef naar ± 16 tekens (UI-ruimte).;Try again;Opnieuw proberen;;;;;;;;;;;;;;;;;;;;;;;;;;;;;;;;;;;;;;;;;;;;;;;;;;;;;;;;;;;;;;;;;;;;;;;;;;;;app;Opnieuw proberen;
Streef naar ± 6 tekens (UI-ruimte).;Orange;Oranje;;;;;;;;;;;;;;;;;;;;;;;;;;;;;;;;;;;;;;;;;;;;;;;;;;;;;;;;;;;;;;;;;;;;;;;;;;;;app;Oranje;
Streef naar ± 27 tekens (UI-ruimte).;Clean up old history?;Oude geschiedenis opruimen?;;;;;;;;;;;;;;;;;;;;;;;;;;;;;;;;;;;;;;;;;;;;;;;;;;;;;;;;;;;;;;;;;;;;;;;;;;;;app;Oude geschiedenis opruimen?;
Streef naar ± 11 tekens (UI-ruimte).;Replace;Overschrijf;;;;;;;;;;;;;;;;;;;;;;;;;;;;;;;;;;;;;;;;;;;;;;;;;;;;;;;;;;;;;;;;;;;;;;;;;;;;app;Overschrijf;
Streef naar ± 9 tekens (UI-ruimte).;Overview;Overzicht;;;;;;;;;;;;;;;;;;;;;;;;;;;;;;;;;;;;;;;;;;;;;;;;;;;;;;;;;;;;;;;;;;;;;;;;;;;;app;Overzicht;
Streef naar ± 6 tekens (UI-ruimte).;Purple;Paars;;;;;;;;;;;;;;;;;;;;;;;;;;;;;;;;;;;;;;;;;;;;;;;;;;;;;;;;;;;;;;;;;;;;;;;;;;;;app;Paars;
Streef naar ± 68 tekens (UI-ruimte).;Use the arrows to change the order of your categories.;Gebruik de pijltjes om de volgorde van je categorieën aan te passen.;;;;;;;;;;;;;;;;;;;;;;;;;;;;;;;;;;;;;;;;;;;;;;;;;;;;;;;;;;;;;;;;;;;;;;;;;;;;app;Pas de volgorde van categorieën aan via de chevrons.;
Behoud speciale tekens: ’. Streef naar ± 72 tekens (UI-ruimte).;Tap the logo to change the category’s icon and color.;Tik op het logo om het icoon en de kleur van je categorie aan te passen.;;;;;;;;;;;;;;;;;;;;;;;;;;;;;;;;;;;;;;;;;;;;;;;;;;;;;;;;;;;;;;;;;;;;;;;;;;;;app;Pas het icoon en de kleur van je categorie aan door op het logo te tikken.;
Streef naar ± 7 tekens (UI-ruimte).;Period;Periode;;;;;;;;;;;;;;;;;;;;;;;;;;;;;;;;;;;;;;;;;;;;;;;;;;;;;;;;;;;;;;;;;;;;;;;;;;;;app;Periode;
Streef naar ± 11 tekens (UI-ruimte).;Personal;Persoonlijk;;;;;;;;;;;;;;;;;;;;;;;;;;;;;;;;;;;;;;;;;;;;;;;;;;;;;;;;;;;;;;;;;;;;;;;;;;;;app;Persoonlijk;
Streef naar ± 30 tekens (UI-ruimte).;Place, for example Amsterdam;Plaats, bijvoorbeeld Amsterdam;;;;;;;;;;;;;;;;;;;;;;;;;;;;;;;;;;;;;;;;;;;;;;;;;;;;;;;;;;;;;;;;;;;;;;;;;;;;app;Plaats, bijvoorbeeld Amsterdam;
Streef naar ± 10 tekens (UI-ruimte).;Paste link;Plak link;;;;;;;;;;;;;;;;;;;;;;;;;;;;;;;;;;;;;;;;;;;;;;;;;;;;;;;;;;;;;;;;;;;;;;;;;;;;app;Plak link;
Streef naar ± 51 tekens (UI-ruimte).;Try another search or clear the search bar.;Probeer een andere zoekopdracht of wis de zoekbalk.;;;;;;;;;;;;;;;;;;;;;;;;;;;;;;;;;;;;;;;;;;;;;;;;;;;;;;;;;;;;;;;;;;;;;;;;;;;;app;Probeer een andere zoekopdracht of wis de zoekbalk.;
Streef naar ± 20 tekens (UI-ruimte).;Try weather again;Probeer weer opnieuw;;;;;;;;;;;;;;;;;;;;;;;;;;;;;;;;;;;;;;;;;;;;;;;;;;;;;;;;;;;;;;;;;;;;;;;;;;;;app;Probeer weer opnieuw;
Streef naar ± 9 tekens (UI-ruimte).;Rectangle;Rechthoek;;;;;;;;;;;;;;;;;;;;;;;;;;;;;;;;;;;;;;;;;;;;;;;;;;;;;;;;;;;;;;;;;;;;;;;;;;;;app;Rechthoek;
Streef naar ± 11 tekens (UI-ruimte).;Recurring;Herhalingen;;;;;;;;;;;;;;;;;;;;;;;;;;;;;;;;;;;;;;;;;;;;;;;;;;;;;;;;;;;;;;;;;;;;;;;;;;;;app;Recurring;
Streef naar ± 5 tekens (UI-ruimte).;Rule;Regel;;;;;;;;;;;;;;;;;;;;;;;;;;;;;;;;;;;;;;;;;;;;;;;;;;;;;;;;;;;;;;;;;;;;;;;;;;;;app;Regel;
Streef naar ± 14 tekens (UI-ruimte).;Edit Entry;Regel bewerken;;;;;;;;;;;;;;;;;;;;;;;;;;;;;;;;;;;;;;;;;;;;;;;;;;;;;;;;;;;;;;;;;;;;;;;;;;;;app;Regel bewerken;
Streef naar ± 19 tekens (UI-ruimte).;Reminder in advance;Herinnering vooraf;;;;;;;;;;;;;;;;;;;;;;;;;;;;;;;;;;;;;;;;;;;;;;;;;;;;;;;;;;;;;;;;;;;;;;;;;;;;app;Reminder vooraf;
Streef naar ± 16 tekens (UI-ruimte).;Reset Everything;Reset alles;;;;;;;;;;;;;;;;;;;;;;;;;;;;;;;;;;;;;;;;;;;;;;;;;;;;;;;;;;;;;;;;;;;;;;;;;;;;app;Reset alles;
Streef naar ± 16 tekens (UI-ruimte).;Reset Failed;Resetten mislukt;;;;;;;;;;;;;;;;;;;;;;;;;;;;;;;;;;;;;;;;;;;;;;;;;;;;;;;;;;;;;;;;;;;;;;;;;;;;app;Resetten mislukt;
Streef naar ± 13 tekens (UI-ruimte).;Around Easter;Rond Pasen;;;;;;;;;;;;;;;;;;;;;;;;;;;;;;;;;;;;;;;;;;;;;;;;;;;;;;;;;;;;;;;;;;;;;;;;;;;;app;Rond Pasen;
Streef naar ± 4 tekens (UI-ruimte).;Red;Rood;;;;;;;;;;;;;;;;;;;;;;;;;;;;;;;;;;;;;;;;;;;;;;;;;;;;;;;;;;;;;;;;;;;;;;;;;;;;app;Rood;
Streef naar ± 4 tekens (UI-ruimte).;Pink;Roze;;;;;;;;;;;;;;;;;;;;;;;;;;;;;;;;;;;;;;;;;;;;;;;;;;;;;;;;;;;;;;;;;;;;;;;;;;;;app;Roze;
Behoud speciale tekens: ’. Streef naar ± 72 tekens (UI-ruimte).;Write everything down in the app, so you don’t have to remember a thing.;Schrijf alles op in de app, zodat je niets hoeft te onthouden.;;;;;;;;;;;;;;;;;;;;;;;;;;;;;;;;;;;;;;;;;;;;;;;;;;;;;;;;;;;;;;;;;;;;;;;;;;;;app;Schrijf alles op in de app, zodat je niets hoeft te onthouden.;
Streef naar ± 12 tekens (UI-ruimte).;Write a ;Schrijf een ;;;;;;;;;;;;;;;;;;;;;;;;;;;;;;;;;;;;;;;;;;;;;;;;;;;;;;;;;;;;;;;;;;;;;;;;;;;;app;Schrijf een ;
Streef naar ± 30 tekens (UI-ruimte).;Write a review of the app;Schrijf een review over de app;;;;;;;;;;;;;;;;;;;;;;;;;;;;;;;;;;;;;;;;;;;;;;;;;;;;;;;;;;;;;;;;;;;;;;;;;;;;app;Schrijf een review over de app;
Streef naar ± 18 tekens (UI-ruimte).;Select an Item;Selecteer een item;;;;;;;;;;;;;;;;;;;;;;;;;;;;;;;;;;;;;;;;;;;;;;;;;;;;;;;;;;;;;;;;;;;;;;;;;;;;app;Select an item;
Streef naar ± 15 tekens (UI-ruimte).;Select All;Selecteer alles;;;;;;;;;;;;;;;;;;;;;;;;;;;;;;;;;;;;;;;;;;;;;;;;;;;;;;;;;;;;;;;;;;;;;;;;;;;;app;Selecteer alles;
Streef naar ± 18 tekens (UI-ruimte).;Select an item;Selecteer een item;;;;;;;;;;;;;;;;;;;;;;;;;;;;;;;;;;;;;;;;;;;;;;;;;;;;;;;;;;;;;;;;;;;;;;;;;;;;app;Selecteer een item;
Streef naar ± 9 tekens (UI-ruimte).;Selection;Selectie;;;;;;;;;;;;;;;;;;;;;;;;;;;;;;;;;;;;;;;;;;;;;;;;;;;;;;;;;;;;;;;;;;;;;;;;;;;;app;Selectie;
Streef naar ± 18 tekens (UI-ruimte).;Open since today;Sinds vandaag open;;;;;;;;;;;;;;;;;;;;;;;;;;;;;;;;;;;;;;;;;;;;;;;;;;;;;;;;;;;;;;;;;;;;;;;;;;;;app;Sinds vandaag open;
Streef naar ± 20 tekens (UI-ruimte).;Save Quick Entry;Sla snelle invoer op;;;;;;;;;;;;;;;;;;;;;;;;;;;;;;;;;;;;;;;;;;;;;;;;;;;;;;;;;;;;;;;;;;;;;;;;;;;;app;Sla snelle invoer op;
Streef naar ± 15 tekens (UI-ruimte).;Smart display;Slimme weergave;;;;;;;;;;;;;;;;;;;;;;;;;;;;;;;;;;;;;;;;;;;;;;;;;;;;;;;;;;;;;;;;;;;;;;;;;;;;app;Slimme weergave;
Streef naar ± 7 tekens (UI-ruimte).;Close;Sluiten;;;;;;;;;;;;;;;;;;;;;;;;;;;;;;;;;;;;;;;;;;;;;;;;;;;;;;;;;;;;;;;;;;;;;;;;;;;;app;Sluiten;
Streef naar ± 14 tekens (UI-ruimte).;Quick Add;Snel toevoegen;;;;;;;;;;;;;;;;;;;;;;;;;;;;;;;;;;;;;;;;;;;;;;;;;;;;;;;;;;;;;;;;;;;;;;;;;;;;app;Snel toevoegen;
Streef naar ± 13 tekens (UI-ruimte).;Quick Entry;Snelle invoer;;;;;;;;;;;;;;;;;;;;;;;;;;;;;;;;;;;;;;;;;;;;;;;;;;;;;;;;;;;;;;;;;;;;;;;;;;;;app;Snelle invoer;
Streef naar ± 31 tekens (UI-ruimte).;Sort next date first;Eerstvolgende bovenaan sorteren;;;;;;;;;;;;;;;;;;;;;;;;;;;;;;;;;;;;;;;;;;;;;;;;;;;;;;;;;;;;;;;;;;;;;;;;;;;;app;Sorteer eerstvolgende bovenaan;
Streef naar ± 12 tekens (UI-ruimte).;Voice Input;Spraakinvoer;;;;;;;;;;;;;;;;;;;;;;;;;;;;;;;;;;;;;;;;;;;;;;;;;;;;;;;;;;;;;;;;;;;;;;;;;;;;app;Spraakinvoer;
Streef naar ± 21 tekens (UI-ruimte).;Start Voice Recording;Spraakopname starten;;;;;;;;;;;;;;;;;;;;;;;;;;;;;;;;;;;;;;;;;;;;;;;;;;;;;;;;;;;;;;;;;;;;;;;;;;;;app;Spraakopname starten;
Streef naar ± 20 tekens (UI-ruimte).;Stop Voice Recording;Spraakopname stoppen;;;;;;;;;;;;;;;;;;;;;;;;;;;;;;;;;;;;;;;;;;;;;;;;;;;;;;;;;;;;;;;;;;;;;;;;;;;;app;Spraakopname stoppen;
Behoud de dynamische plaatshouders exact en in dezelfde volgorde: %@ (%@ = tekst, %lld = getal). Niet vertalen. Streef naar ± 14 tekens (UI-ruimte).;Default (%@);Standaard (%@);;;;;;;;;;;;;;;;;;;;;;;;;;;;;;;;;;;;;;;;;;;;;;;;;;;;;;;;;;;;;;;;;;;;;;;;;;;;app;Standaard (%@);
Streef naar ± 19 tekens (UI-ruimte).;Default Destination;Standaardbestemming;;;;;;;;;;;;;;;;;;;;;;;;;;;;;;;;;;;;;;;;;;;;;;;;;;;;;;;;;;;;;;;;;;;;;;;;;;;;app;Standaardbestemming;
Streef naar ± 15 tekens (UI-ruimte).;Default Country;Standaardland;;;;;;;;;;;;;;;;;;;;;;;;;;;;;;;;;;;;;;;;;;;;;;;;;;;;;;;;;;;;;;;;;;;;;;;;;;;;app;Standaardland;
Streef naar ± 10 tekens (UI-ruimte).;Start date;Startdatum;;;;;;;;;;;;;;;;;;;;;;;;;;;;;;;;;;;;;;;;;;;;;;;;;;;;;;;;;;;;;;;;;;;;;;;;;;;;app;Startdatum;
Streef naar ± 14 tekens (UI-ruimte).;Sync;Synchronisatie;;;;;;;;;;;;;;;;;;;;;;;;;;;;;;;;;;;;;;;;;;;;;;;;;;;;;;;;;;;;;;;;;;;;;;;;;;;;app;Synchronisatie;
Streef naar ± 33 tekens (UI-ruimte).;Sync with iPhone Calendar;Synchroniseer met iPhone-kalender;;;;;;;;;;;;;;;;;;;;;;;;;;;;;;;;;;;;;;;;;;;;;;;;;;;;;;;;;;;;;;;;;;;;;;;;;;;;app;Synchroniseer met iPhone Kalender;
Streef naar ± 16 tekens (UI-ruimte).;Sync Now;Synchroniseer nu;;;;;;;;;;;;;;;;;;;;;;;;;;;;;;;;;;;;;;;;;;;;;;;;;;;;;;;;;;;;;;;;;;;;;;;;;;;;app;Synchroniseer nu;
Streef naar ± 15 tekens (UI-ruimte).;System Language;Systeemtaal;;;;;;;;;;;;;;;;;;;;;;;;;;;;;;;;;;;;;;;;;;;;;;;;;;;;;;;;;;;;;;;;;;;;;;;;;;;;app;Systeemtaal;
Streef naar ± 4 tekens (UI-ruimte).;Task;Taak;;;;;;;;;;;;;;;;;;;;;;;;;;;;;;;;;;;;;;;;;;;;;;;;;;;;;;;;;;;;;;;;;;;;;;;;;;;;app;Taak;
Streef naar ± 13 tekens (UI-ruimte).;Edit task;Taak bewerken;;;;;;;;;;;;;;;;;;;;;;;;;;;;;;;;;;;;;;;;;;;;;;;;;;;;;;;;;;;;;;;;;;;;;;;;;;;;app;Taak bewerken;
Behoud de regelafbreek (\n). Streef naar ± 29 tekens (UI-ruimte).;Task Moved\nto Finished;Taak verplaatst\nnaar Afgerond;;;;;;;;;;;;;;;;;;;;;;;;;;;;;;;;;;;;;;;;;;;;;;;;;;;;;;;;;;;;;;;;;;;;;;;;;;;;app;Taak verplaatst\nnaar Afgerond;
Behoud de regelafbreek (\n). Streef naar ± 29 tekens (UI-ruimte).;Task moved\nto Finished;Taak verplaatst\nnaar Afgerond;;;;;;;;;;;;;;;;;;;;;;;;;;;;;;;;;;;;;;;;;;;;;;;;;;;;;;;;;;;;;;;;;;;;;;;;;;;;app;Taak verplaatst\\nnaar Afgerond;
Streef naar ± 18 tekens (UI-ruimte).;Language and Input;Taal en invoer;;;;;;;;;;;;;;;;;;;;;;;;;;;;;;;;;;;;;;;;;;;;;;;;;;;;;;;;;;;;;;;;;;;;;;;;;;;;app;Taal en invoer;
Streef naar ± 5 tekens (UI-ruimte).;Tasks;Taken;;;;;;;;;;;;;;;;;;;;;;;;;;;;;;;;;;;;;;;;;;;;;;;;;;;;;;;;;;;;;;;;;;;;;;;;;;;;app;Taken;
Streef naar ± 13 tekens (UI-ruimte).;Tasks display;Takenweergave;;;;;;;;;;;;;;;;;;;;;;;;;;;;;;;;;;;;;;;;;;;;;;;;;;;;;;;;;;;;;;;;;;;;;;;;;;;;app;Takenweergave;
Streef naar ± 10 tekens (UI-ruimte).;Teal;Blauwgroen;;;;;;;;;;;;;;;;;;;;;;;;;;;;;;;;;;;;;;;;;;;;;;;;;;;;;;;;;;;;;;;;;;;;;;;;;;;;app;Teal;
Streef naar ± 5 tekens (UI-ruimte).;Text;Tekst;;;;;;;;;;;;;;;;;;;;;;;;;;;;;;;;;;;;;;;;;;;;;;;;;;;;;;;;;;;;;;;;;;;;;;;;;;;;app;Tekst;
Streef naar ± 5 tekens (UI-ruimte).;Back;Terug;;;;;;;;;;;;;;;;;;;;;;;;;;;;;;;;;;;;;;;;;;;;;;;;;;;;;;;;;;;;;;;;;;;;;;;;;;;;app;Terug;
Streef naar ± 10 tekens (UI-ruimte).;Undo;Terughalen;;;;;;;;;;;;;;;;;;;;;;;;;;;;;;;;;;;;;;;;;;;;;;;;;;;;;;;;;;;;;;;;;;;;;;;;;;;;app;Terughalen;
Streef naar ± 16 tekens (UI-ruimte).;Recurring item;Terugkerend item;;;;;;;;;;;;;;;;;;;;;;;;;;;;;;;;;;;;;;;;;;;;;;;;;;;;;;;;;;;;;;;;;;;;;;;;;;;;app;Terugkerend item;
Streef naar ± 11 tekens (UI-ruimte).;Restore;Terugzetten;;;;;;;;;;;;;;;;;;;;;;;;;;;;;;;;;;;;;;;;;;;;;;;;;;;;;;;;;;;;;;;;;;;;;;;;;;;;app;Terugzetten;
Behoud de dynamische plaatshouders exact en in dezelfde volgorde: %@ (%@ = tekst, %lld = getal). Niet vertalen. Streef naar ± 19 tekens (UI-ruimte).;Restore to %@;Terugzetten naar %@;;;;;;;;;;;;;;;;;;;;;;;;;;;;;;;;;;;;;;;;;;;;;;;;;;;;;;;;;;;;;;;;;;;;;;;;;;;;app;Terugzetten naar %@;
Streef naar ± 22 tekens (UI-ruimte).;Send Test Notification;Testmelding versturen;;;;;;;;;;;;;;;;;;;;;;;;;;;;;;;;;;;;;;;;;;;;;;;;;;;;;;;;;;;;;;;;;;;;;;;;;;;;app;Testmelding versturen;
Behoud speciale tekens: …. Streef naar ± 26 tekens (UI-ruimte).;Sending Test Notification…;Testmelding versturen…;;;;;;;;;;;;;;;;;;;;;;;;;;;;;;;;;;;;;;;;;;;;;;;;;;;;;;;;;;;;;;;;;;;;;;;;;;;;app;Testmelding versturen…;
Streef naar ± 4 tekens (UI-ruimte).;Time;Tijd;;;;;;;;;;;;;;;;;;;;;;;;;;;;;;;;;;;;;;;;;;;;;;;;;;;;;;;;;;;;;;;;;;;;;;;;;;;;app;Tijd;
Streef naar ± 26 tekens (UI-ruimte).;Temporarily unavailable;Tijdelijk niet beschikbaar;;;;;;;;;;;;;;;;;;;;;;;;;;;;;;;;;;;;;;;;;;;;;;;;;;;;;;;;;;;;;;;;;;;;;;;;;;;;app;Tijdelijk niet beschikbaar;
Behoud speciale tekens: ✓. Streef naar ± 70 tekens (UI-ruimte).;Tap next to a day to add something. Done? Tap ✓ in the top right.;Tik achter een dag om iets toe te voegen. Klaar? Tik rechtsboven op ✓.;;;;;;;;;;;;;;;;;;;;;;;;;;;;;;;;;;;;;;;;;;;;;;;;;;;;;;;;;;;;;;;;;;;;;;;;;;;;app;Tik achter een dag om iets te schrijven. Klaar? Tik rechtsboven op ✓.;
Behoud speciale tekens: ’. Streef naar ± 111 tekens (UI-ruimte).;First tap the item’s icon. Then you can tap the trash button to delete it permanently.;Tik eerst op het icoon van het item. Daarna kun je op het prullenbakje tikken om het definitief te verwijderen.;;;;;;;;;;;;;;;;;;;;;;;;;;;;;;;;;;;;;;;;;;;;;;;;;;;;;;;;;;;;;;;;;;;;;;;;;;;;app;Tik eerst op het icoon van het item. Tik daarna op het prullenbakje om het definitief te verwijderen.;
Streef naar ± 74 tekens (UI-ruimte).;Tap the arrows in the top left to open the recurrence settings.;Tik linksboven op de pijlen om de instellingen voor herhalingen te openen.;;;;;;;;;;;;;;;;;;;;;;;;;;;;;;;;;;;;;;;;;;;;;;;;;;;;;;;;;;;;;;;;;;;;;;;;;;;;app;Tik linksboven op de pijlen om de instellingen voor herhalingen aan te passen.;
Streef naar ± 65 tekens (UI-ruimte).;Now tap the trash button to delete this item permanently.;Tik nu op het prullenbakje om dit item definitief te verwijderen.;;;;;;;;;;;;;;;;;;;;;;;;;;;;;;;;;;;;;;;;;;;;;;;;;;;;;;;;;;;;;;;;;;;;;;;;;;;;app;Tik nu op het prullenbakje om het item definitief te verwijderen.;
Streef naar ± 37 tekens (UI-ruimte).;Tap to expand or collapse help;Tik om de uitleg in of uit te klappen;;;;;;;;;;;;;;;;;;;;;;;;;;;;;;;;;;;;;;;;;;;;;;;;;;;;;;;;;;;;;;;;;;;;;;;;;;;;app;Tik om de uitleg in of uit te klappen;
Streef naar ± 31 tekens (UI-ruimte).;Tap to remove demo data.;Tik om demodata te verwijderen.;;;;;;;;;;;;;;;;;;;;;;;;;;;;;;;;;;;;;;;;;;;;;;;;;;;;;;;;;;;;;;;;;;;;;;;;;;;;app;Tik om demodata te verwijderen.;
Streef naar ± 116 tekens (UI-ruimte).;Tap the colored dot to change the color. Compact categories show only the title and next date.;Tik op de gekleurde stip om de kleur te wijzigen. Compacte categorieën tonen alleen de titel en eerstvolgende datum.;;;;;;;;;;;;;;;;;;;;;;;;;;;;;;;;;;;;;;;;;;;;;;;;;;;;;;;;;;;;;;;;;;;;;;;;;;;;app;Tik op de gekleurde stip om de kleur te wijzigen. Compacte categorieën tonen alleen de titel en eerstvolgende datum.;
Streef naar ± 110 tekens (UI-ruimte).;Tap the arrow in the top left to undo your last entry. You can undo up to three entries.;Tik op de pijl linksboven om je laatste invoer ongedaan te maken. Dit kan voor maximaal drie laatste invoeren.;;;;;;;;;;;;;;;;;;;;;;;;;;;;;;;;;;;;;;;;;;;;;;;;;;;;;;;;;;;;;;;;;;;;;;;;;;;;app;Tik op de pijl linksboven om je laatste invoer ongedaan te maken. Dit kan voor maximaal drie invoeren.;
Streef naar ± 59 tekens (UI-ruimte).;Tap the weekday to the left of the line to move an item.;Tik op de weekdag links van de lijn om iets te verplaatsen.;;;;;;;;;;;;;;;;;;;;;;;;;;;;;;;;;;;;;;;;;;;;;;;;;;;;;;;;;;;;;;;;;;;;;;;;;;;;app;Tik op de weekdag vóór de lijn om de verplaatsmodus te openen.;
Streef naar ± 55 tekens (UI-ruimte).;Tap the plus button to add another task right away.;Tik op het plusje om meteen nog een taak toe te voegen.;;;;;;;;;;;;;;;;;;;;;;;;;;;;;;;;;;;;;;;;;;;;;;;;;;;;;;;;;;;;;;;;;;;;;;;;;;;;app;Tik op het plusje om direct nog een taak aan te maken.;
Streef naar ± 5 tekens (UI-ruimte).;Title;Titel;;;;;;;;;;;;;;;;;;;;;;;;;;;;;;;;;;;;;;;;;;;;;;;;;;;;;;;;;;;;;;;;;;;;;;;;;;;;app;Titel;
Streef naar ± 18 tekens (UI-ruimte).;Title is required;Titel is verplicht;;;;;;;;;;;;;;;;;;;;;;;;;;;;;;;;;;;;;;;;;;;;;;;;;;;;;;;;;;;;;;;;;;;;;;;;;;;;app;Titel is verplicht;
Streef naar ± 16 tekens (UI-ruimte).;Show title;Titel laten zien;;;;;;;;;;;;;;;;;;;;;;;;;;;;;;;;;;;;;;;;;;;;;;;;;;;;;;;;;;;;;;;;;;;;;;;;;;;;app;Titel laten zien;
Streef naar ± 122 tekens (UI-ruimte).;"Changed your mind? Tap Undo at the bottom. Normally, you have 5 seconds; during this guide, the message stays visible.";"Toch niet? Tik onderaan op ‘Ongedaan maken’. Normaal kan dat 5 seconden lang; tijdens deze uitleg blijft de melding staan.";;;;;;;;;;;;;;;;;;;;;;;;;;;;;;;;;;;;;;;;;;;;;;;;;;;;;;;;;;;;;;;;;;;;;;;;;;;;app;"Toch niet? Tik onderin op Ongedaan maken. Normaal heb je hiervoor 5 seconden; tijdens deze uitleg blijft de melding staan.";
Streef naar ± 10 tekens (UI-ruimte).;Added;Toegevoegd;;;;;;;;;;;;;;;;;;;;;;;;;;;;;;;;;;;;;;;;;;;;;;;;;;;;;;;;;;;;;;;;;;;;;;;;;;;;app;Toegevoegd;
Streef naar ± 11 tekens (UI-ruimte).;Added.;Toegevoegd.;;;;;;;;;;;;;;;;;;;;;;;;;;;;;;;;;;;;;;;;;;;;;;;;;;;;;;;;;;;;;;;;;;;;;;;;;;;;app;Toegevoegd.;
Streef naar ± 34 tekens (UI-ruimte).;Move future items too?;Toekomstige items ook verplaatsen?;;;;;;;;;;;;;;;;;;;;;;;;;;;;;;;;;;;;;;;;;;;;;;;;;;;;;;;;;;;;;;;;;;;;;;;;;;;;app;Toekomstige items ook verplaatsen?;
Streef naar ± 19 tekens (UI-ruimte).;Dismiss Keyboard;Toetsenbord sluiten;;;;;;;;;;;;;;;;;;;;;;;;;;;;;;;;;;;;;;;;;;;;;;;;;;;;;;;;;;;;;;;;;;;;;;;;;;;;app;Toetsenbord sluiten;
Streef naar ± 12 tekens (UI-ruimte).;Show Details;Toon details;;;;;;;;;;;;;;;;;;;;;;;;;;;;;;;;;;;;;;;;;;;;;;;;;;;;;;;;;;;;;;;;;;;;;;;;;;;;app;Toon details;
Streef naar ± 28 tekens (UI-ruimte).;Show Holidays in Overview;Toon feestdagen in overzicht;;;;;;;;;;;;;;;;;;;;;;;;;;;;;;;;;;;;;;;;;;;;;;;;;;;;;;;;;;;;;;;;;;;;;;;;;;;;app;Toon feestdagen in overzicht;
Streef naar ± 14 tekens (UI-ruimte).;Show in widget;Toon in widget;;;;;;;;;;;;;;;;;;;;;;;;;;;;;;;;;;;;;;;;;;;;;;;;;;;;;;;;;;;;;;;;;;;;;;;;;;;;app;Toon in widget;
Streef naar ± 41 tekens (UI-ruimte).;Also show previously deleted items;Toon ook items die eerder zijn verwijderd;;;;;;;;;;;;;;;;;;;;;;;;;;;;;;;;;;;;;;;;;;;;;;;;;;;;;;;;;;;;;;;;;;;;;;;;;;;;app;Toon ook items die eerder zijn verwijderd;
Streef naar ± 19 tekens (UI-ruimte).;Show Next Date;Toon volgende datum;;;;;;;;;;;;;;;;;;;;;;;;;;;;;;;;;;;;;;;;;;;;;;;;;;;;;;;;;;;;;;;;;;;;;;;;;;;;app;Toon volgende datum;
Streef naar ± 6 tekens (UI-ruimte).;Second;Tweede;;;;;;;;;;;;;;;;;;;;;;;;;;;;;;;;;;;;;;;;;;;;;;;;;;;;;;;;;;;;;;;;;;;;;;;;;;;;app;Tweede;
Streef naar ± 4 tekens (UI-ruimte). Mogelijk niet vertalen (merknaam/symbool/getal).;Type;Type;;;;;;;;;;;;;;;;;;;;;;;;;;;;;;;;;;;;;;;;;;;;;;;;;;;;;;;;;;;;;;;;;;;;;;;;;;;;app;Type;
Streef naar ± 10 tekens (UI-ruimte).;Expanded;Uitgeklapt;;;;;;;;;;;;;;;;;;;;;;;;;;;;;;;;;;;;;;;;;;;;;;;;;;;;;;;;;;;;;;;;;;;;;;;;;;;;app;Uitgeklapt;
Streef naar ± 20 tekens (UI-ruimte).;Finished help;Uitleg over Afgerond;;;;;;;;;;;;;;;;;;;;;;;;;;;;;;;;;;;;;;;;;;;;;;;;;;;;;;;;;;;;;;;;;;;;;;;;;;;;app;Uitleg over Afgerond;
Streef naar ± 18 tekens (UI-ruimte).;Calendar help;Uitleg over Agenda;;;;;;;;;;;;;;;;;;;;;;;;;;;;;;;;;;;;;;;;;;;;;;;;;;;;;;;;;;;;;;;;;;;;;;;;;;;;app;Uitleg over Agenda;
Streef naar ± 17 tekens (UI-ruimte).;Tasks help;Uitleg over Taken;;;;;;;;;;;;;;;;;;;;;;;;;;;;;;;;;;;;;;;;;;;;;;;;;;;;;;;;;;;;;;;;;;;;;;;;;;;;app;Uitleg over Taken;
Streef naar ± 23 tekens (UI-ruimte).;Recurring help;Uitleg over herhalingen;;;;;;;;;;;;;;;;;;;;;;;;;;;;;;;;;;;;;;;;;;;;;;;;;;;;;;;;;;;;;;;;;;;;;;;;;;;;app;Uitleg over herhalingen;
Streef naar ± 7 tekens (UI-ruimte).;Today;Vandaag;;;;;;;;;;;;;;;;;;;;;;;;;;;;;;;;;;;;;;;;;;;;;;;;;;;;;;;;;;;;;;;;;;;;;;;;;;;;app;Vandaag;
Streef naar ± 16 tekens (UI-ruimte).;Today & tomorrow;Vandaag & morgen;;;;;;;;;;;;;;;;;;;;;;;;;;;;;;;;;;;;;;;;;;;;;;;;;;;;;;;;;;;;;;;;;;;;;;;;;;;;app;Vandaag & morgen;
Streef naar ± 16 tekens (UI-ruimte).;Today + tomorrow;Vandaag + morgen;;;;;;;;;;;;;;;;;;;;;;;;;;;;;;;;;;;;;;;;;;;;;;;;;;;;;;;;;;;;;;;;;;;;;;;;;;;;app;Vandaag + morgen;
Streef naar ± 14 tekens (UI-ruimte).;Fixed Interval;Vast interval;;;;;;;;;;;;;;;;;;;;;;;;;;;;;;;;;;;;;;;;;;;;;;;;;;;;;;;;;;;;;;;;;;;;;;;;;;;;app;Vast interval;
Streef naar ± 15 tekens (UI-ruimte).;Fixed schedule;Vaste regelmaat;;;;;;;;;;;;;;;;;;;;;;;;;;;;;;;;;;;;;;;;;;;;;;;;;;;;;;;;;;;;;;;;;;;;;;;;;;;;app;Vaste regelmaat;
Streef naar ± 16 tekens (UI-ruimte).;Safety copy;Veiligheidskopie;;;;;;;;;;;;;;;;;;;;;;;;;;;;;;;;;;;;;;;;;;;;;;;;;;;;;;;;;;;;;;;;;;;;;;;;;;;;app;Veiligheidskopie;
Streef naar ± 9 tekens (UI-ruimte).;Connected;Verbonden;;;;;;;;;;;;;;;;;;;;;;;;;;;;;;;;;;;;;;;;;;;;;;;;;;;;;;;;;;;;;;;;;;;;;;;;;;;;app;Verbonden;
Streef naar ± 10 tekens (UI-ruimte).;Birthday;Verjaardag;;;;;;;;;;;;;;;;;;;;;;;;;;;;;;;;;;;;;;;;;;;;;;;;;;;;;;;;;;;;;;;;;;;;;;;;;;;;app;Verjaardag;
Streef naar ± 9 tekens (UI-ruimte).;Move;Verplaats;;;;;;;;;;;;;;;;;;;;;;;;;;;;;;;;;;;;;;;;;;;;;;;;;;;;;;;;;;;;;;;;;;;;;;;;;;;;app;Verplaats;
Streef naar ± 21 tekens (UI-ruimte).;Move calendar item;Verplaats agenda-item;;;;;;;;;;;;;;;;;;;;;;;;;;;;;;;;;;;;;;;;;;;;;;;;;;;;;;;;;;;;;;;;;;;;;;;;;;;;app;Verplaats agenda-item;
Streef naar ± 14 tekens (UI-ruimte).;Move item;Verplaats item;;;;;;;;;;;;;;;;;;;;;;;;;;;;;;;;;;;;;;;;;;;;;;;;;;;;;;;;;;;;;;;;;;;;;;;;;;;;app;Verplaats item;
Behoud de dynamische plaatshouders exact en in dezelfde volgorde: %@ (%@ = tekst, %lld = getal). Niet vertalen. Streef naar ± 17 tekens (UI-ruimte).;Move to %@;Verplaats naar %@;;;;;;;;;;;;;;;;;;;;;;;;;;;;;;;;;;;;;;;;;;;;;;;;;;;;;;;;;;;;;;;;;;;;;;;;;;;;app;Verplaats naar %@;
Streef naar ± 27 tekens (UI-ruimte).;Move to another date;Verplaats naar andere datum;;;;;;;;;;;;;;;;;;;;;;;;;;;;;;;;;;;;;;;;;;;;;;;;;;;;;;;;;;;;;;;;;;;;;;;;;;;;app;Verplaats naar andere datum;
Streef naar ± 15 tekens (UI-ruimte).;Move to:;Verplaats naar:;;;;;;;;;;;;;;;;;;;;;;;;;;;;;;;;;;;;;;;;;;;;;;;;;;;;;;;;;;;;;;;;;;;;;;;;;;;;app;Verplaats naar:;
Streef naar ± 26 tekens (UI-ruimte).;Move or delete;Verplaatsen of verwijderen;;;;;;;;;;;;;;;;;;;;;;;;;;;;;;;;;;;;;;;;;;;;;;;;;;;;;;;;;;;;;;;;;;;;;;;;;;;;app;Verplaatsen of verwijderen;
Streef naar ± 24 tekens (UI-ruimte).;Exit Move Mode;Verplaatsmodus afsluiten;;;;;;;;;;;;;;;;;;;;;;;;;;;;;;;;;;;;;;;;;;;;;;;;;;;;;;;;;;;;;;;;;;;;;;;;;;;;app;Verplaatsmodus afsluiten;
Streef naar ± 15 tekens (UI-ruimte).;Move Options;Verplaatsopties;;;;;;;;;;;;;;;;;;;;;;;;;;;;;;;;;;;;;;;;;;;;;;;;;;;;;;;;;;;;;;;;;;;;;;;;;;;;app;Verplaatsopties;
Streef naar ± 14 tekens (UI-ruimte).;Required field;Verplicht veld;;;;;;;;;;;;;;;;;;;;;;;;;;;;;;;;;;;;;;;;;;;;;;;;;;;;;;;;;;;;;;;;;;;;;;;;;;;;app;Verplicht veld;
Streef naar ± 9 tekens (UI-ruimte).;Delete;Verwijder;;;;;;;;;;;;;;;;;;;;;;;;;;;;;;;;;;;;;;;;;;;;;;;;;;;;;;;;;;;;;;;;;;;;;;;;;;;;app;Verwijder;
Streef naar ± 30 tekens (UI-ruimte).;Delete all finished tasks;Verwijder alle afgeronde taken;;;;;;;;;;;;;;;;;;;;;;;;;;;;;;;;;;;;;;;;;;;;;;;;;;;;;;;;;;;;;;;;;;;;;;;;;;;;app;Verwijder alle afgeronde taken;
Streef naar ± 15 tekens (UI-ruimte).;Delete group;Verwijder groep;;;;;;;;;;;;;;;;;;;;;;;;;;;;;;;;;;;;;;;;;;;;;;;;;;;;;;;;;;;;;;;;;;;;;;;;;;;;app;Verwijder groep;
Streef naar ± 19 tekens (UI-ruimte).;Delete Recurrence;Verwijder herhaling;;;;;;;;;;;;;;;;;;;;;;;;;;;;;;;;;;;;;;;;;;;;;;;;;;;;;;;;;;;;;;;;;;;;;;;;;;;;app;Verwijder herhaling;
Streef naar ± 17 tekens (UI-ruimte).;Deleted items;Verwijderde items;;;;;;;;;;;;;;;;;;;;;;;;;;;;;;;;;;;;;;;;;;;;;;;;;;;;;;;;;;;;;;;;;;;;;;;;;;;;app;Verwijderde items;
Streef naar ± 23 tekens (UI-ruimte).;Show Deleted Items;Verwijderde items tonen;;;;;;;;;;;;;;;;;;;;;;;;;;;;;;;;;;;;;;;;;;;;;;;;;;;;;;;;;;;;;;;;;;;;;;;;;;;;app;Verwijderde items tonen;
Streef naar ± 11 tekens (UI-ruimte).;Delete;Verwijderen;;;;;;;;;;;;;;;;;;;;;;;;;;;;;;;;;;;;;;;;;;;;;;;;;;;;;;;;;;;;;;;;;;;;;;;;;;;;app;Verwijderen;
Streef naar ± 19 tekens (UI-ruimte).;Deletion failed;Verwijderen mislukt;;;;;;;;;;;;;;;;;;;;;;;;;;;;;;;;;;;;;;;;;;;;;;;;;;;;;;;;;;;;;;;;;;;;;;;;;;;;app;Verwijderen mislukt;
Streef naar ± 6 tekens (UI-ruimte).;Fourth;Vierde;;;;;;;;;;;;;;;;;;;;;;;;;;;;;;;;;;;;;;;;;;;;;;;;;;;;;;;;;;;;;;;;;;;;;;;;;;;;app;Vierde;
Streef naar ± 13 tekens (UI-ruimte).;Add item;Voeg item toe;;;;;;;;;;;;;;;;;;;;;;;;;;;;;;;;;;;;;;;;;;;;;;;;;;;;;;;;;;;;;;;;;;;;;;;;;;;;app;Voeg item toe;
Streef naar ± 8 tekens (UI-ruimte).;Add;Voeg toe;;;;;;;;;;;;;;;;;;;;;;;;;;;;;;;;;;;;;;;;;;;;;;;;;;;;;;;;;;;;;;;;;;;;;;;;;;;;app;Voeg toe;
Streef naar ± 19 tekens (UI-ruimte).;Add and continue;Voeg toe en ga door;;;;;;;;;;;;;;;;;;;;;;;;;;;;;;;;;;;;;;;;;;;;;;;;;;;;;;;;;;;;;;;;;;;;;;;;;;;;app;Voeg toe en ga door;
Streef naar ± 29 tekens (UI-ruimte).;Add and create another item;Voeg toe en maak nog een item;;;;;;;;;;;;;;;;;;;;;;;;;;;;;;;;;;;;;;;;;;;;;;;;;;;;;;;;;;;;;;;;;;;;;;;;;;;;app;Voeg toe en maak nog een item;
Behoud speciale tekens: …. Streef naar ± 26 tekens (UI-ruimte).;Loading the next 3 months…;Volgende 3 maanden laden…;;;;;;;;;;;;;;;;;;;;;;;;;;;;;;;;;;;;;;;;;;;;;;;;;;;;;;;;;;;;;;;;;;;;;;;;;;;;app;Volgende 3 maanden laden…;
Streef naar ± 14 tekens (UI-ruimte).;Next date;Volgende datum;;;;;;;;;;;;;;;;;;;;;;;;;;;;;;;;;;;;;;;;;;;;;;;;;;;;;;;;;;;;;;;;;;;;;;;;;;;;app;Volgende datum;
Streef naar ± 36 tekens (UI-ruimte).;Shift following recurrences too?;Volgende herhalingen meeverschuiven?;;;;;;;;;;;;;;;;;;;;;;;;;;;;;;;;;;;;;;;;;;;;;;;;;;;;;;;;;;;;;;;;;;;;;;;;;;;;app;Volgende herhalingen meeverschuiven?;
Streef naar ± 39 tekens (UI-ruimte).;Following recurrences were shifted;Volgende herhalingen zijn meeverschoven;;;;;;;;;;;;;;;;;;;;;;;;;;;;;;;;;;;;;;;;;;;;;;;;;;;;;;;;;;;;;;;;;;;;;;;;;;;;app;Volgende herhalingen zijn meeverschoven;
Streef naar ± 13 tekens (UI-ruimte).;Next step;Volgende stap;;;;;;;;;;;;;;;;;;;;;;;;;;;;;;;;;;;;;;;;;;;;;;;;;;;;;;;;;;;;;;;;;;;;;;;;;;;;app;Volgende stap;
Streef naar ± 22 tekens (UI-ruimte).;Next search result;Volgende zoekresultaat;;;;;;;;;;;;;;;;;;;;;;;;;;;;;;;;;;;;;;;;;;;;;;;;;;;;;;;;;;;;;;;;;;;;;;;;;;;;app;Volgende zoekresultaat;
Behoud de dynamische plaatshouders exact en in dezelfde volgorde: %@ (%@ = tekst, %lld = getal). Niet vertalen. Streef naar ± 12 tekens (UI-ruimte).;Next: %@;Volgende: %@;;;;;;;;;;;;;;;;;;;;;;;;;;;;;;;;;;;;;;;;;;;;;;;;;;;;;;;;;;;;;;;;;;;;;;;;;;;;app;Volgende: %@;
Streef naar ± 21 tekens (UI-ruimte).;Order and appearance;Volgorde en uiterlijk;;;;;;;;;;;;;;;;;;;;;;;;;;;;;;;;;;;;;;;;;;;;;;;;;;;;;;;;;;;;;;;;;;;;;;;;;;;;app;Volgorde en uiterlijk;
Behoud de dynamische plaatshouders exact en in dezelfde volgorde: %@ (%@ = tekst, %lld = getal). Niet vertalen. Streef naar ± 25 tekens (UI-ruimte).;Reorder %@;Volgorde van %@ aanpassen;;;;;;;;;;;;;;;;;;;;;;;;;;;;;;;;;;;;;;;;;;;;;;;;;;;;;;;;;;;;;;;;;;;;;;;;;;;;app;Volgorde van %@ aanpassen;
Streef naar ± 25 tekens (UI-ruimte).;Full backup saved.;Volledige backup bewaard.;;;;;;;;;;;;;;;;;;;;;;;;;;;;;;;;;;;;;;;;;;;;;;;;;;;;;;;;;;;;;;;;;;;;;;;;;;;;app;Volledige backup bewaard.;
Streef naar ± 22 tekens (UI-ruimte).;Create full backup;Volledige backup maken;;;;;;;;;;;;;;;;;;;;;;;;;;;;;;;;;;;;;;;;;;;;;;;;;;;;;;;;;;;;;;;;;;;;;;;;;;;;app;Volledige backup maken;
Streef naar ± 128 tekens (UI-ruimte).;Each task shows how long it has been open. Tap that time to move the task to another category or to the calendar.;Voor elke taak staat hoelang die al openstaat. Tik daarop om de taak naar een andere categorie of naar de agenda te verplaatsen.;;;;;;;;;;;;;;;;;;;;;;;;;;;;;;;;;;;;;;;;;;;;;;;;;;;;;;;;;;;;;;;;;;;;;;;;;;;;app;Voor elke taak staat hoe lang die openstaat. Tik hierop om de taak naar een andere categorie of de kalender te verplaatsen.;
Streef naar ± 9 tekens (UI-ruimte).;Preview;Voorbeeld;;;;;;;;;;;;;;;;;;;;;;;;;;;;;;;;;;;;;;;;;;;;;;;;;;;;;;;;;;;;;;;;;;;;;;;;;;;;app;Voorbeeld;
Streef naar ± 26 tekens (UI-ruimte).;Action Button preview;Voorbeeld van de Actieknop;;;;;;;;;;;;;;;;;;;;;;;;;;;;;;;;;;;;;;;;;;;;;;;;;;;;;;;;;;;;;;;;;;;;;;;;;;;;app;Voorbeeld van de Actieknop;
Streef naar ± 11 tekens (UI-ruimte).;Prefix;Voorvoegsel;;;;;;;;;;;;;;;;;;;;;;;;;;;;;;;;;;;;;;;;;;;;;;;;;;;;;;;;;;;;;;;;;;;;;;;;;;;;app;Voorvoegsel;
Streef naar ± 13 tekens (UI-ruimte).;Previous step;Vorige stap;;;;;;;;;;;;;;;;;;;;;;;;;;;;;;;;;;;;;;;;;;;;;;;;;;;;;;;;;;;;;;;;;;;;;;;;;;;;app;Vorige stap;
Streef naar ± 31 tekens (UI-ruimte).;Enter a valid birth year.;Vul een geldig geboortejaar in.;;;;;;;;;;;;;;;;;;;;;;;;;;;;;;;;;;;;;;;;;;;;;;;;;;;;;;;;;;;;;;;;;;;;;;;;;;;;app;Vul een geldig geboortejaar in.;
Streef naar ± 46 tekens (UI-ruimte).;Enter a title to save this recurrence.;Vul een titel in om deze herhaling te bewaren.;;;;;;;;;;;;;;;;;;;;;;;;;;;;;;;;;;;;;;;;;;;;;;;;;;;;;;;;;;;;;;;;;;;;;;;;;;;;app;Vul een titel in om deze herhaling te bewaren.;
Streef naar ± 4 tekens (UI-ruimte).;What;Wat;;;;;;;;;;;;;;;;;;;;;;;;;;;;;;;;;;;;;;;;;;;;;;;;;;;;;;;;;;;;;;;;;;;;;;;;;;;;app;Wat;
Behoud speciale tekens: ’. Streef naar ± 30 tekens (UI-ruimte).;What don’t you want to forget?;Wat wil je niet vergeten?;;;;;;;;;;;;;;;;;;;;;;;;;;;;;;;;;;;;;;;;;;;;;;;;;;;;;;;;;;;;;;;;;;;;;;;;;;;;app;Wat wil je niet vergeten?;
Streef naar ± 14 tekens (UI-ruimte).;Week Starts On;Week begint op;;;;;;;;;;;;;;;;;;;;;;;;;;;;;;;;;;;;;;;;;;;;;;;;;;;;;;;;;;;;;;;;;;;;;;;;;;;;app;Week begint op;
Streef naar ± 7 tekens (UI-ruimte).;Weekday;Weekdag;;;;;;;;;;;;;;;;;;;;;;;;;;;;;;;;;;;;;;;;;;;;;;;;;;;;;;;;;;;;;;;;;;;;;;;;;;;;app;Weekdag;
Streef naar ± 21 tekens (UI-ruimte).;Weekday of a Month;Weekdag van een maand;;;;;;;;;;;;;;;;;;;;;;;;;;;;;;;;;;;;;;;;;;;;;;;;;;;;;;;;;;;;;;;;;;;;;;;;;;;;app;Weekdag van een maand;
Streef naar ± 20 tekens (UI-ruimte).;Weekday of the month;Weekdag van de maand;;;;;;;;;;;;;;;;;;;;;;;;;;;;;;;;;;;;;;;;;;;;;;;;;;;;;;;;;;;;;;;;;;;;;;;;;;;;app;Weekdag van maand;
Streef naar ± 14 tekens (UI-ruimte).;Week Numbering;Weeknummering;;;;;;;;;;;;;;;;;;;;;;;;;;;;;;;;;;;;;;;;;;;;;;;;;;;;;;;;;;;;;;;;;;;;;;;;;;;;app;Weeknummering;
Streef naar ± 26 tekens (UI-ruimte).;Weather for future days;Weer bij toekomstige dagen;;;;;;;;;;;;;;;;;;;;;;;;;;;;;;;;;;;;;;;;;;;;;;;;;;;;;;;;;;;;;;;;;;;;;;;;;;;;app;Weer bij toekomstige dagen;
Behoud de dynamische plaatshouders exact en in dezelfde volgorde: %@ (%@ = tekst, %lld = getal). Niet vertalen. Streef naar ± 34 tekens (UI-ruimte).;Weather could not be loaded: %1$@;Weer kon niet worden geladen: %1$@;;;;;;;;;;;;;;;;;;;;;;;;;;;;;;;;;;;;;;;;;;;;;;;;;;;;;;;;;;;;;;;;;;;;;;;;;;;;app;Weer kon niet worden geladen: %@;
Streef naar ± 8 tekens (UI-ruimte).;Display;Weergave;;;;;;;;;;;;;;;;;;;;;;;;;;;;;;;;;;;;;;;;;;;;;;;;;;;;;;;;;;;;;;;;;;;;;;;;;;;;app;Weergave;
Streef naar ± 16 tekens (UI-ruimte).;Weather location;Weerlocatie;;;;;;;;;;;;;;;;;;;;;;;;;;;;;;;;;;;;;;;;;;;;;;;;;;;;;;;;;;;;;;;;;;;;;;;;;;;;app;Weerlocatie;
Streef naar ± 5 tekens (UI-ruimte).;Weeks;Weken;;;;;;;;;;;;;;;;;;;;;;;;;;;;;;;;;;;;;;;;;;;;;;;;;;;;;;;;;;;;;;;;;;;;;;;;;;;;app;Weken;
Streef naar ± 5 tekens (UI-ruimte).;Which;Welke;;;;;;;;;;;;;;;;;;;;;;;;;;;;;;;;;;;;;;;;;;;;;;;;;;;;;;;;;;;;;;;;;;;;;;;;;;;;app;Welke;
Streef naar ± 13 tekens (UI-ruimte).;Widget size;Widgetformaat;;;;;;;;;;;;;;;;;;;;;;;;;;;;;;;;;;;;;;;;;;;;;;;;;;;;;;;;;;;;;;;;;;;;;;;;;;;;app;Widgetformaat;
Streef naar ± 3 tekens (UI-ruimte).;Who;Wie;;;;;;;;;;;;;;;;;;;;;;;;;;;;;;;;;;;;;;;;;;;;;;;;;;;;;;;;;;;;;;;;;;;;;;;;;;;;app;Wie;
Streef naar ± 19 tekens (UI-ruimte).;Change and clean up;Wijzig en ruim op;;;;;;;;;;;;;;;;;;;;;;;;;;;;;;;;;;;;;;;;;;;;;;;;;;;;;;;;;;;;;;;;;;;;;;;;;;;;app;Wijzig en ruim op;
Streef naar ± 16 tekens (UI-ruimte).;Edit Recurrence;Wijzig herhaling;;;;;;;;;;;;;;;;;;;;;;;;;;;;;;;;;;;;;;;;;;;;;;;;;;;;;;;;;;;;;;;;;;;;;;;;;;;;app;Wijzig herhaling;
Streef naar ± 98 tekens (UI-ruimte).;Do you want to apply the same date shift to all future occurrences of this recurring item?;Wil je dezelfde datumverschuiving toepassen op alle volgende voorkomens van dit terugkerende item?;;;;;;;;;;;;;;;;;;;;;;;;;;;;;;;;;;;;;;;;;;;;;;;;;;;;;;;;;;;;;;;;;;;;;;;;;;;;app;Wil je dezelfde datumverschuiving toepassen op alle volgende voorkomens van dit terugkerende item?;
Streef naar ± 5 tekens (UI-ruimte).;White;Wit;;;;;;;;;;;;;;;;;;;;;;;;;;;;;;;;;;;;;;;;;;;;;;;;;;;;;;;;;;;;;;;;;;;;;;;;;;;;app;Wit;
Streef naar ± 17 tekens (UI-ruimte).;Truncate Words;Woorden afsnijden;;;;;;;;;;;;;;;;;;;;;;;;;;;;;;;;;;;;;;;;;;;;;;;;;;;;;;;;;;;;;;;;;;;;;;;;;;;;app;Woorden afsnijden;
Streef naar ± 48 tekens (UI-ruimte).;Repeats every year on the date above.;Wordt ieder jaar herhaald op de datum hierboven.;;;;;;;;;;;;;;;;;;;;;;;;;;;;;;;;;;;;;;;;;;;;;;;;;;;;;;;;;;;;;;;;;;;;;;;;;;;;app;Wordt ieder jaar herhaald op de datum hierboven.;
Streef naar ± 64 tekens (UI-ruimte).;Repeats every three months from the next date.;Wordt iedere drie maanden herhaald vanaf de eerstvolgende datum.;;;;;;;;;;;;;;;;;;;;;;;;;;;;;;;;;;;;;;;;;;;;;;;;;;;;;;;;;;;;;;;;;;;;;;;;;;;;app;Wordt iedere drie maanden herhaald vanaf de eerstvolgende datum.;
Streef naar ± 16 tekens (UI-ruimte).;Restore backup;Zet backup terug;;;;;;;;;;;;;;;;;;;;;;;;;;;;;;;;;;;;;;;;;;;;;;;;;;;;;;;;;;;;;;;;;;;;;;;;;;;;app;Zet backup terug;
Streef naar ± 100 tekens (UI-ruimte).;Want to bring something back? Tap the restore button to return the item to where it came from.;Wil je iets terugzetten? Tik op de terugzetknop om het item terug te plaatsen waar het vandaan kwam.;;;;;;;;;;;;;;;;;;;;;;;;;;;;;;;;;;;;;;;;;;;;;;;;;;;;;;;;;;;;;;;;;;;;;;;;;;;;app;Zet een item terug naar waar het vandaan kwam met de terugzetknop.;
Behoud de dynamische plaatshouders exact en in dezelfde volgorde: %@ (%@ = tekst, %lld = getal). Niet vertalen. Streef naar ± 17 tekens (UI-ruimte).;Restore to %@;Zet terug naar %@;;;;;;;;;;;;;;;;;;;;;;;;;;;;;;;;;;;;;;;;;;;;;;;;;;;;;;;;;;;;;;;;;;;;;;;;;;;;app;Zet terug naar %@;
Streef naar ± 16 tekens (UI-ruimte).;Search Finished;Zoek in Afgerond;;;;;;;;;;;;;;;;;;;;;;;;;;;;;;;;;;;;;;;;;;;;;;;;;;;;;;;;;;;;;;;;;;;;;;;;;;;;app;Zoek in Afgerond;
Streef naar ± 6 tekens (UI-ruimte).;Search;Zoeken;;;;;;;;;;;;;;;;;;;;;;;;;;;;;;;;;;;;;;;;;;;;;;;;;;;;;;;;;;;;;;;;;;;;;;;;;;;;app;Zoeken;
Streef naar ± 14 tekens (UI-ruimte).;Close search;Zoeken sluiten;;;;;;;;;;;;;;;;;;;;;;;;;;;;;;;;;;;;;;;;;;;;;;;;;;;;;;;;;;;;;;;;;;;;;;;;;;;;app;Zoeken sluiten;
Streef naar ± 19 tekens (UI-ruimte).;Clear search;Zoekopdracht wissen;;;;;;;;;;;;;;;;;;;;;;;;;;;;;;;;;;;;;;;;;;;;;;;;;;;;;;;;;;;;;;;;;;;;;;;;;;;;app;Zoekopdracht wissen;
Streef naar ± 6 tekens (UI-ruimte).;Sunday;Zondag;;;;;;;;;;;;;;;;;;;;;;;;;;;;;;;;;;;;;;;;;;;;;;;;;;;;;;;;;;;;;;;;;;;;;;;;;;;;app;Zondag;
Streef naar ± 9 tekens (UI-ruimte). Mogelijk niet vertalen (merknaam/symbool/getal).;Forget It;Forget It;;;;;;;;;;;;;;;;;;;;;;;;;;;;;;;;;;;;;;;;;;;;;;;;;;;;;;;;;;;;;;;;;;;;;;;;;;;;app;app.name;
Behoud de dynamische plaatshouders exact en in dezelfde volgorde: %lld (%@ = tekst, %lld = getal). Niet vertalen. Streef naar ± 15 tekens (UI-ruimte).;in %lld days;over %lld dagen;;;;;;;;;;;;;;;;;;;;;;;;;;;;;;;;;;;;;;;;;;;;;;;;;;;;;;;;;;;;;;;;;;;;;;;;;;;;app;birthday.reminder.inDays;
Behoud de dynamische plaatshouders exact en in dezelfde volgorde: %lld (%@ = tekst, %lld = getal). Niet vertalen. Streef naar ± 13 tekens (UI-ruimte).;in %lld day;over %lld dag;;;;;;;;;;;;;;;;;;;;;;;;;;;;;;;;;;;;;;;;;;;;;;;;;;;;;;;;;;;;;;;;;;;;;;;;;;;;app;birthday.reminder.inOneDay;
Behoud de dynamische plaatshouders exact en in dezelfde volgorde: %lld (%@ = tekst, %lld = getal). Niet vertalen. Streef naar ± 27 tekens (UI-ruimte).;Has a birthday in %lld days;Is over %lld dagen jarig;;;;;;;;;;;;;;;;;;;;;;;;;;;;;;;;;;;;;;;;;;;;;;;;;;;;;;;;;;;;;;;;;;;;;;;;;;;;app;birthday.status.birthdayInDays;
Behoud de dynamische plaatshouders exact en in dezelfde volgorde: %lld (%@ = tekst, %lld = getal). Niet vertalen. Streef naar ± 26 tekens (UI-ruimte).;Has a birthday in %lld day;Is over %lld dag jarig;;;;;;;;;;;;;;;;;;;;;;;;;;;;;;;;;;;;;;;;;;;;;;;;;;;;;;;;;;;;;;;;;;;;;;;;;;;;app;birthday.status.birthdayInOneDay;
Streef naar ± 20 tekens (UI-ruimte).;Has a birthday today;Is vandaag jarig;;;;;;;;;;;;;;;;;;;;;;;;;;;;;;;;;;;;;;;;;;;;;;;;;;;;;;;;;;;;;;;;;;;;;;;;;;;;app;birthday.status.today;
Behoud de dynamische plaatshouders exact en in dezelfde volgorde: %lld (%@ = tekst, %lld = getal). Niet vertalen. Streef naar ± 24 tekens (UI-ruimte).;Turned %lld today;Is vandaag %lld geworden;;;;;;;;;;;;;;;;;;;;;;;;;;;;;;;;;;;;;;;;;;;;;;;;;;;;;;;;;;;;;;;;;;;;;;;;;;;;app;birthday.status.turnedToday;
Behoud de dynamische plaatshouders exact en in dezelfde volgorde: %lld, %lld (%@ = tekst, %lld = getal). Niet vertalen. Streef naar ± 30 tekens (UI-ruimte).;Turns %1$lld in %2$lld days;Wordt over %2$lld dagen %1$lld;;;;;;;;;;;;;;;;;;;;;;;;;;;;;;;;;;;;;;;;;;;;;;;;;;;;;;;;;;;;;;;;;;;;;;;;;;;;app;birthday.status.turnsInDays;
Behoud de dynamische plaatshouders exact en in dezelfde volgorde: %lld, %lld (%@ = tekst, %lld = getal). Niet vertalen. Streef naar ± 28 tekens (UI-ruimte).;Turns %1$lld in %2$lld day;Wordt over %2$lld dag %1$lld;;;;;;;;;;;;;;;;;;;;;;;;;;;;;;;;;;;;;;;;;;;;;;;;;;;;;;;;;;;;;;;;;;;;;;;;;;;;app;birthday.status.turnsInOneDay;
Streef naar ± 12 tekens (UI-ruimte).;Birthdays;Verjaardagen;;;;;;;;;;;;;;;;;;;;;;;;;;;;;;;;;;;;;;;;;;;;;;;;;;;;;;;;;;;;;;;;;;;;;;;;;;;;app;category.recurring.birthdays;
Streef naar ± 8 tekens (UI-ruimte).;General;Algemeen;;;;;;;;;;;;;;;;;;;;;;;;;;;;;;;;;;;;;;;;;;;;;;;;;;;;;;;;;;;;;;;;;;;;;;;;;;;;app;category.recurring.general;
Streef naar ± 10 tekens (UI-ruimte).;Holidays;Feestdagen;;;;;;;;;;;;;;;;;;;;;;;;;;;;;;;;;;;;;;;;;;;;;;;;;;;;;;;;;;;;;;;;;;;;;;;;;;;;app;category.recurring.holidays;
Streef naar ± 12 tekens (UI-ruimte).;Groceries;Boodschappen;;;;;;;;;;;;;;;;;;;;;;;;;;;;;;;;;;;;;;;;;;;;;;;;;;;;;;;;;;;;;;;;;;;;;;;;;;;;app;category.todo.groceries;
Streef naar ± 13 tekens (UI-ruimte).;Long term;Lange termijn;;;;;;;;;;;;;;;;;;;;;;;;;;;;;;;;;;;;;;;;;;;;;;;;;;;;;;;;;;;;;;;;;;;;;;;;;;;;app;category.todo.longTerm;
Streef naar ± 10 tekens (UI-ruimte).;Soon;Binnenkort;;;;;;;;;;;;;;;;;;;;;;;;;;;;;;;;;;;;;;;;;;;;;;;;;;;;;;;;;;;;;;;;;;;;;;;;;;;;app;category.todo.soon;
Streef naar ± 7 tekens (UI-ruimte).;Belgium;België;;;;;;;;;;;;;;;;;;;;;;;;;;;;;;;;;;;;;;;;;;;;;;;;;;;;;;;;;;;;;;;;;;;;;;;;;;;;app;country.BE;
Streef naar ± 9 tekens (UI-ruimte).;Germany;Duitsland;;;;;;;;;;;;;;;;;;;;;;;;;;;;;;;;;;;;;;;;;;;;;;;;;;;;;;;;;;;;;;;;;;;;;;;;;;;;app;country.DE;
Streef naar ± 9 tekens (UI-ruimte).;France;Frankrijk;;;;;;;;;;;;;;;;;;;;;;;;;;;;;;;;;;;;;;;;;;;;;;;;;;;;;;;;;;;;;;;;;;;;;;;;;;;;app;country.FR;
Streef naar ± 19 tekens (UI-ruimte).;United Kingdom;Verenigd Koninkrijk;;;;;;;;;;;;;;;;;;;;;;;;;;;;;;;;;;;;;;;;;;;;;;;;;;;;;;;;;;;;;;;;;;;;;;;;;;;;app;country.GB;
Streef naar ± 7 tekens (UI-ruimte).;Morocco;Marokko;;;;;;;;;;;;;;;;;;;;;;;;;;;;;;;;;;;;;;;;;;;;;;;;;;;;;;;;;;;;;;;;;;;;;;;;;;;;app;country.MA;
Streef naar ± 11 tekens (UI-ruimte).;Netherlands;Nederland;;;;;;;;;;;;;;;;;;;;;;;;;;;;;;;;;;;;;;;;;;;;;;;;;;;;;;;;;;;;;;;;;;;;;;;;;;;;app;country.NL;
Streef naar ± 8 tekens (UI-ruimte). Mogelijk niet vertalen (merknaam/symbool/getal).;Suriname;Suriname;;;;;;;;;;;;;;;;;;;;;;;;;;;;;;;;;;;;;;;;;;;;;;;;;;;;;;;;;;;;;;;;;;;;;;;;;;;;app;country.SR;
Streef naar ± 7 tekens (UI-ruimte).;Türkiye;Turkije;;;;;;;;;;;;;;;;;;;;;;;;;;;;;;;;;;;;;;;;;;;;;;;;;;;;;;;;;;;;;;;;;;;;;;;;;;;;app;country.TR;
Streef naar ± 16 tekens (UI-ruimte).;United States;Verenigde Staten;;;;;;;;;;;;;;;;;;;;;;;;;;;;;;;;;;;;;;;;;;;;;;;;;;;;;;;;;;;;;;;;;;;;;;;;;;;;app;country.US;
Streef naar ± 9 tekens (UI-ruimte).;category;categorie;;;;;;;;;;;;;;;;;;;;;;;;;;;;;;;;;;;;;;;;;;;;;;;;;;;;;;;;;;;;;;;;;;;;;;;;;;;;app;csv.header.category;
Streef naar ± 7 tekens (UI-ruimte).;content;inhoud;;;;;;;;;;;;;;;;;;;;;;;;;;;;;;;;;;;;;;;;;;;;;;;;;;;;;;;;;;;;;;;;;;;;;;;;;;;;app;csv.header.content;
Streef naar ± 13 tekens (UI-ruimte).;date and time;datumtijd;;;;;;;;;;;;;;;;;;;;;;;;;;;;;;;;;;;;;;;;;;;;;;;;;;;;;;;;;;;;;;;;;;;;;;;;;;;;app;csv.header.dateTime;
Streef naar ± 14 tekens (UI-ruimte).;deleted 1/0;verwijderd 1/0;;;;;;;;;;;;;;;;;;;;;;;;;;;;;;;;;;;;;;;;;;;;;;;;;;;;;;;;;;;;;;;;;;;;;;;;;;;;app;csv.header.deleted;
Streef naar ± 5 tekens (UI-ruimte).;type;soort;;;;;;;;;;;;;;;;;;;;;;;;;;;;;;;;;;;;;;;;;;;;;;;;;;;;;;;;;;;;;;;;;;;;;;;;;;;;app;csv.header.type;
Streef naar ± 1 tekens (UI-ruimte). Mogelijk niet vertalen (merknaam/symbool/getal).;d;d;;;;;;;;;;;;;;;;;;;;;;;;;;;;;;;;;;;;;;;;;;;;;;;;;;;;;;;;;;;;;;;;;;;;;;;;;;;;app;d;
Behoud de dynamische plaatshouders exact en in dezelfde volgorde: %@ (%@ = tekst, %lld = getal). Niet vertalen. Streef naar ± 29 tekens (UI-ruimte).;Sync failed: %@;Synchroniseren is mislukt: %@;;;;;;;;;;;;;;;;;;;;;;;;;;;;;;;;;;;;;;;;;;;;;;;;;;;;;;;;;;;;;;;;;;;;;;;;;;;;app;error.syncFailed;
Streef naar ± 4 tekens (UI-ruimte). Mogelijk niet vertalen (merknaam/symbool/getal).;even;even;;;;;;;;;;;;;;;;;;;;;;;;;;;;;;;;;;;;;;;;;;;;;;;;;;;;;;;;;;;;;;;;;;;;;;;;;;;;app;even;
Behoud de dynamische plaatshouders exact en in dezelfde volgorde: %@ (%@ = tekst, %lld = getal). Niet vertalen. Behoud speciale tekens: ‘ ’. Streef naar ± 15 tekens (UI-ruimte).;‘%@’ deleted;‘%@’ verwijderd;;;;;;;;;;;;;;;;;;;;;;;;;;;;;;;;;;;;;;;;;;;;;;;;;;;;;;;;;;;;;;;;;;;;;;;;;;;;app;feedback.deleted;
Behoud de dynamische plaatshouders exact en in dezelfde volgorde: %@, %@ (%@ = tekst, %lld = getal). Niet vertalen. Behoud speciale tekens: ‘ ’. Streef naar ± 27 tekens (UI-ruimte).;‘%1$@’ moved to %2$@;‘%1$@’ verplaatst naar %2$@;;;;;;;;;;;;;;;;;;;;;;;;;;;;;;;;;;;;;;;;;;;;;;;;;;;;;;;;;;;;;;;;;;;;;;;;;;;;app;feedback.movedTo;
Behoud de dynamische plaatshouders exact en in dezelfde volgorde: %@ (%@ = tekst, %lld = getal). Niet vertalen. Behoud speciale tekens: ‘ ’. Streef naar ± 32 tekens (UI-ruimte).;‘%@’ was moved to Finished;‘%@’ is verplaatst naar Afgerond;;;;;;;;;;;;;;;;;;;;;;;;;;;;;;;;;;;;;;;;;;;;;;;;;;;;;;;;;;;;;;;;;;;;;;;;;;;;app;feedback.movedToFinished;
Behoud de dynamische plaatshouders exact en in dezelfde volgorde: %@ (%@ = tekst, %lld = getal). Niet vertalen. Behoud speciale tekens: ‘ ’. Streef naar ± 26 tekens (UI-ruimte).;‘%@’ permanently deleted;‘%@’ definitief verwijderd;;;;;;;;;;;;;;;;;;;;;;;;;;;;;;;;;;;;;;;;;;;;;;;;;;;;;;;;;;;;;;;;;;;;;;;;;;;;app;feedback.permanentlyDeleted;
Behoud de dynamische plaatshouders exact en in dezelfde volgorde: %@ (%@ = tekst, %lld = getal). Niet vertalen. Behoud speciale tekens: ‘ ’. Streef naar ± 15 tekens (UI-ruimte).;‘%@’ restored;‘%@’ teruggezet;;;;;;;;;;;;;;;;;;;;;;;;;;;;;;;;;;;;;;;;;;;;;;;;;;;;;;;;;;;;;;;;;;;;;;;;;;;;app;feedback.restored;
Behoud de dynamische plaatshouders exact en in dezelfde volgorde: %lld (%@ = tekst, %lld = getal). Niet vertalen. Streef naar ± 25 tekens (UI-ruimte).;Load older items (%lld);Oudere items laden (%lld);;;;;;;;;;;;;;;;;;;;;;;;;;;;;;;;;;;;;;;;;;;;;;;;;;;;;;;;;;;;;;;;;;;;;;;;;;;;app;history.loadOlder;
Behoud de dynamische plaatshouders exact en in dezelfde volgorde: %@ (%@ = tekst, %lld = getal). Niet vertalen. Streef naar ± 23 tekens (UI-ruimte).;No completed %@ items;Geen afgeronde %@-items;;;;;;;;;;;;;;;;;;;;;;;;;;;;;;;;;;;;;;;;;;;;;;;;;;;;;;;;;;;;;;;;;;;;;;;;;;;;app;history.noCompletedFilter;
Behoud de dynamische plaatshouders exact en in dezelfde volgorde: %@ (%@ = tekst, %lld = getal). Niet vertalen. Streef naar ± 17 tekens (UI-ruimte).;Restore to %@;Zet terug naar %@;;;;;;;;;;;;;;;;;;;;;;;;;;;;;;;;;;;;;;;;;;;;;;;;;;;;;;;;;;;;;;;;;;;;;;;;;;;;app;history.restoreTo;
Behoud speciale tekens: ’. Streef naar ± 15 tekens (UI-ruimte).;All Saints’ Day;Allerheiligen;;;;;;;;;;;;;;;;;;;;;;;;;;;;;;;;;;;;;;;;;;;;;;;;;;;;;;;;;;;;;;;;;;;;;;;;;;;;app;holiday.all-saints;
Streef naar ± 17 tekens (UI-ruimte).;Amazigh New Year;Amazigh Nieuwjaar;;;;;;;;;;;;;;;;;;;;;;;;;;;;;;;;;;;;;;;;;;;;;;;;;;;;;;;;;;;;;;;;;;;;;;;;;;;;app;holiday.amazigh-new-year;
Streef naar ± 14 tekens (UI-ruimte).;Armistice Day;Wapenstilstand;;;;;;;;;;;;;;;;;;;;;;;;;;;;;;;;;;;;;;;;;;;;;;;;;;;;;;;;;;;;;;;;;;;;;;;;;;;;app;holiday.armistice;
Streef naar ± 14 tekens (UI-ruimte).;Ascension Day;Hemelvaartsdag;;;;;;;;;;;;;;;;;;;;;;;;;;;;;;;;;;;;;;;;;;;;;;;;;;;;;;;;;;;;;;;;;;;;;;;;;;;;app;holiday.ascension;
Streef naar ± 18 tekens (UI-ruimte).;Assumption of Mary;Maria-Hemelvaart;;;;;;;;;;;;;;;;;;;;;;;;;;;;;;;;;;;;;;;;;;;;;;;;;;;;;;;;;;;;;;;;;;;;;;;;;;;;app;holiday.assumption;
Streef naar ± 16 tekens (UI-ruimte).;Bastille Day;Quatorze Juillet;;;;;;;;;;;;;;;;;;;;;;;;;;;;;;;;;;;;;;;;;;;;;;;;;;;;;;;;;;;;;;;;;;;;;;;;;;;;app;holiday.bastille-day;
Streef naar ± 15 tekens (UI-ruimte).;Boxing Day;Tweede kerstdag;;;;;;;;;;;;;;;;;;;;;;;;;;;;;;;;;;;;;;;;;;;;;;;;;;;;;;;;;;;;;;;;;;;;;;;;;;;;app;holiday.boxing-day;
Behoud speciale tekens: ’. Streef naar ± 16 tekens (UI-ruimte).;Children’s Day;Dag van het Kind;;;;;;;;;;;;;;;;;;;;;;;;;;;;;;;;;;;;;;;;;;;;;;;;;;;;;;;;;;;;;;;;;;;;;;;;;;;;app;holiday.children-day;
Streef naar ± 15 tekens (UI-ruimte).;Christmas Day;Eerste kerstdag;;;;;;;;;;;;;;;;;;;;;;;;;;;;;;;;;;;;;;;;;;;;;;;;;;;;;;;;;;;;;;;;;;;;;;;;;;;;app;holiday.christmas;
Streef naar ± 12 tekens (UI-ruimte).;Columbus Day;Columbusdag;;;;;;;;;;;;;;;;;;;;;;;;;;;;;;;;;;;;;;;;;;;;;;;;;;;;;;;;;;;;;;;;;;;;;;;;;;;;app;holiday.columbus-day;
Streef naar ± 39 tekens (UI-ruimte).;Democracy and National Unity Day;Dag van Democratie en Nationale Eenheid;;;;;;;;;;;;;;;;;;;;;;;;;;;;;;;;;;;;;;;;;;;;;;;;;;;;;;;;;;;;;;;;;;;;;;;;;;;;app;holiday.democracy-day;
Streef naar ± 22 tekens (UI-ruimte).;Early May Bank Holiday;Feestdag begin mei;;;;;;;;;;;;;;;;;;;;;;;;;;;;;;;;;;;;;;;;;;;;;;;;;;;;;;;;;;;;;;;;;;;;;;;;;;;;app;holiday.early-may;
Streef naar ± 13 tekens (UI-ruimte).;Easter Monday;Paasmaandag;;;;;;;;;;;;;;;;;;;;;;;;;;;;;;;;;;;;;;;;;;;;;;;;;;;;;;;;;;;;;;;;;;;;;;;;;;;;app;holiday.easter-monday;
Streef naar ± 14 tekens (UI-ruimte).;Easter Sunday;Eerste paasdag;;;;;;;;;;;;;;;;;;;;;;;;;;;;;;;;;;;;;;;;;;;;;;;;;;;;;;;;;;;;;;;;;;;;;;;;;;;;app;holiday.easter-sunday;
Streef naar ± 32 tekens (UI-ruimte).;Feast of Sacrifice (Eid al-Adha);Offerfeest (Eid al-Adha);;;;;;;;;;;;;;;;;;;;;;;;;;;;;;;;;;;;;;;;;;;;;;;;;;;;;;;;;;;;;;;;;;;;;;;;;;;;app;holiday.eid-al-adha;
Streef naar ± 40 tekens (UI-ruimte).;Feast of Breaking the Fast (Eid al-Fitr);Suikerfeest (Eid al-Fitr);;;;;;;;;;;;;;;;;;;;;;;;;;;;;;;;;;;;;;;;;;;;;;;;;;;;;;;;;;;;;;;;;;;;;;;;;;;;app;holiday.eid-al-fitr;
Behoud speciale tekens: ’. Streef naar ± 12 tekens (UI-ruimte).;Father’s Day;Vaderdag;;;;;;;;;;;;;;;;;;;;;;;;;;;;;;;;;;;;;;;;;;;;;;;;;;;;;;;;;;;;;;;;;;;;;;;;;;;;app;holiday.fathers-day;
Streef naar ± 35 tekens (UI-ruimte).;Day of the Flemish Community;Feestdag van de Vlaamse Gemeenschap;;;;;;;;;;;;;;;;;;;;;;;;;;;;;;;;;;;;;;;;;;;;;;;;;;;;;;;;;;;;;;;;;;;;;;;;;;;;app;holiday.flemish-community;
Streef naar ± 34 tekens (UI-ruimte).;Day of the French Community;Feestdag van de Franse Gemeenschap;;;;;;;;;;;;;;;;;;;;;;;;;;;;;;;;;;;;;;;;;;;;;;;;;;;;;;;;;;;;;;;;;;;;;;;;;;;;app;holiday.french-community;
Streef naar ± 39 tekens (UI-ruimte).;Day of the German-speaking Community;Feestdag van de Duitstalige Gemeenschap;;;;;;;;;;;;;;;;;;;;;;;;;;;;;;;;;;;;;;;;;;;;;;;;;;;;;;;;;;;;;;;;;;;;;;;;;;;;app;holiday.german-community;
Streef naar ± 13 tekens (UI-ruimte).;Good Friday;Goede Vrijdag;;;;;;;;;;;;;;;;;;;;;;;;;;;;;;;;;;;;;;;;;;;;;;;;;;;;;;;;;;;;;;;;;;;;;;;;;;;;app;holiday.good-friday;
Streef naar ± 11 tekens (UI-ruimte).;Green March;Groene Mars;;;;;;;;;;;;;;;;;;;;;;;;;;;;;;;;;;;;;;;;;;;;;;;;;;;;;;;;;;;;;;;;;;;;;;;;;;;;app;holiday.green-march;
Streef naar ± 21 tekens (UI-ruimte).;Independence Day;Onafhankelijkheidsdag;;;;;;;;;;;;;;;;;;;;;;;;;;;;;;;;;;;;;;;;;;;;;;;;;;;;;;;;;;;;;;;;;;;;;;;;;;;;app;holiday.independence-day;
Streef naar ± 33 tekens (UI-ruimte).;Proclamation of Independence;Manifest van de Onafhankelijkheid;;;;;;;;;;;;;;;;;;;;;;;;;;;;;;;;;;;;;;;;;;;;;;;;;;;;;;;;;;;;;;;;;;;;;;;;;;;;app;holiday.independence-manifesto;
Behoud speciale tekens: ’. Streef naar ± 23 tekens (UI-ruimte).;Indigenous Peoples’ Day;Dag der Inheemsen;;;;;;;;;;;;;;;;;;;;;;;;;;;;;;;;;;;;;;;;;;;;;;;;;;;;;;;;;;;;;;;;;;;;;;;;;;;;app;holiday.indigenous-day;
Streef naar ± 21 tekens (UI-ruimte).;Islamic New Year;Islamitisch Nieuwjaar;;;;;;;;;;;;;;;;;;;;;;;;;;;;;;;;;;;;;;;;;;;;;;;;;;;;;;;;;;;;;;;;;;;;;;;;;;;;app;holiday.islamic-new-year;
Streef naar ± 10 tekens (UI-ruimte). Mogelijk niet vertalen (merknaam/symbool/getal).;Juneteenth;Juneteenth;;;;;;;;;;;;;;;;;;;;;;;;;;;;;;;;;;;;;;;;;;;;;;;;;;;;;;;;;;;;;;;;;;;;;;;;;;;;app;holiday.juneteenth;
Streef naar ± 9 tekens (UI-ruimte). Mogelijk niet vertalen (merknaam/symbool/getal).;Keti Koti;Keti Koti;;;;;;;;;;;;;;;;;;;;;;;;;;;;;;;;;;;;;;;;;;;;;;;;;;;;;;;;;;;;;;;;;;;;;;;;;;;;app;holiday.keti-koti;
Behoud speciale tekens: ’. Streef naar ± 10 tekens (UI-ruimte).;King’s Day;Koningsdag;;;;;;;;;;;;;;;;;;;;;;;;;;;;;;;;;;;;;;;;;;;;;;;;;;;;;;;;;;;;;;;;;;;;;;;;;;;;app;holiday.kings-day;
Streef naar ± 17 tekens (UI-ruimte).;Labor Day;Dag van de Arbeid;;;;;;;;;;;;;;;;;;;;;;;;;;;;;;;;;;;;;;;;;;;;;;;;;;;;;;;;;;;;;;;;;;;;;;;;;;;;app;holiday.labor-day;
Streef naar ± 17 tekens (UI-ruimte).;Labor Day;Dag van de Arbeid;;;;;;;;;;;;;;;;;;;;;;;;;;;;;;;;;;;;;;;;;;;;;;;;;;;;;;;;;;;;;;;;;;;;;;;;;;;;app;holiday.labour-day;
Streef naar ± 33 tekens (UI-ruimte).;Labour and Solidarity Day;Dag van de Arbeid en Solidariteit;;;;;;;;;;;;;;;;;;;;;;;;;;;;;;;;;;;;;;;;;;;;;;;;;;;;;;;;;;;;;;;;;;;;;;;;;;;;app;holiday.labour-solidarity-day;
Streef naar ± 14 tekens (UI-ruimte).;Liberation Day;Bevrijdingsdag;;;;;;;;;;;;;;;;;;;;;;;;;;;;;;;;;;;;;;;;;;;;;;;;;;;;;;;;;;;;;;;;;;;;;;;;;;;;app;holiday.liberation-day;
Streef naar ± 18 tekens (UI-ruimte).;Day of the Maroons;Dag der Marrons;;;;;;;;;;;;;;;;;;;;;;;;;;;;;;;;;;;;;;;;;;;;;;;;;;;;;;;;;;;;;;;;;;;;;;;;;;;;app;holiday.maroons-day;
Behoud speciale tekens: ’. Streef naar ± 35 tekens (UI-ruimte).;Prophet’s Birthday (Mawlid);Geboortedag van de profeet (Mawlid);;;;;;;;;;;;;;;;;;;;;;;;;;;;;;;;;;;;;;;;;;;;;;;;;;;;;;;;;;;;;;;;;;;;;;;;;;;;app;holiday.mawlid;
Streef naar ± 14 tekens (UI-ruimte).;Memorial Day;Herdenkingsdag;;;;;;;;;;;;;;;;;;;;;;;;;;;;;;;;;;;;;;;;;;;;;;;;;;;;;;;;;;;;;;;;;;;;;;;;;;;;app;holiday.memorial-day;
Streef naar ± 26 tekens (UI-ruimte).;Martin Luther King Jr. Day;Martin Luther King Jr.-dag;;;;;;;;;;;;;;;;;;;;;;;;;;;;;;;;;;;;;;;;;;;;;;;;;;;;;;;;;;;;;;;;;;;;;;;;;;;;app;holiday.mlk-day;
Streef naar ± 21 tekens (UI-ruimte).;Independence Day;Onafhankelijkheidsdag;;;;;;;;;;;;;;;;;;;;;;;;;;;;;;;;;;;;;;;;;;;;;;;;;;;;;;;;;;;;;;;;;;;;;;;;;;;;app;holiday.morocco-independence;
Behoud speciale tekens: ’. Streef naar ± 12 tekens (UI-ruimte).;Mother’s Day;Moederdag;;;;;;;;;;;;;;;;;;;;;;;;;;;;;;;;;;;;;;;;;;;;;;;;;;;;;;;;;;;;;;;;;;;;;;;;;;;;app;holiday.mothers-day;
Streef naar ± 18 tekens (UI-ruimte).;National Day;Nationale feestdag;;;;;;;;;;;;;;;;;;;;;;;;;;;;;;;;;;;;;;;;;;;;;;;;;;;;;;;;;;;;;;;;;;;;;;;;;;;;app;holiday.national-day;
Behoud speciale tekens: ’. Streef naar ± 14 tekens (UI-ruimte).;New Year’s Day;Nieuwjaarsdag;;;;;;;;;;;;;;;;;;;;;;;;;;;;;;;;;;;;;;;;;;;;;;;;;;;;;;;;;;;;;;;;;;;;;;;;;;;;app;holiday.new-year;
Streef naar ± 26 tekens (UI-ruimte).;Recovery of Oued Eddahab;Terugkeer van Oued Eddahab;;;;;;;;;;;;;;;;;;;;;;;;;;;;;;;;;;;;;;;;;;;;;;;;;;;;;;;;;;;;;;;;;;;;;;;;;;;;app;holiday.oued-eddahab-day;
Behoud speciale tekens: ’. Streef naar ± 15 tekens (UI-ruimte).;Presidents’ Day;Presidentendag;;;;;;;;;;;;;;;;;;;;;;;;;;;;;;;;;;;;;;;;;;;;;;;;;;;;;;;;;;;;;;;;;;;;;;;;;;;;app;holiday.presidents-day;
Behoud speciale tekens: ’. Streef naar ± 12 tekens (UI-ruimte).;Prince’s Day;Prinsjesdag;;;;;;;;;;;;;;;;;;;;;;;;;;;;;;;;;;;;;;;;;;;;;;;;;;;;;;;;;;;;;;;;;;;;;;;;;;;;app;holiday.prinsjesdag;
Streef naar ± 17 tekens (UI-ruimte).;Start of Ramadan;Begin van Ramadan;;;;;;;;;;;;;;;;;;;;;;;;;;;;;;;;;;;;;;;;;;;;;;;;;;;;;;;;;;;;;;;;;;;;;;;;;;;;app;holiday.ramadan-start;
Streef naar ± 23 tekens (UI-ruimte).;Remembrance of the Dead;Dodenherdenking;;;;;;;;;;;;;;;;;;;;;;;;;;;;;;;;;;;;;;;;;;;;;;;;;;;;;;;;;;;;;;;;;;;;;;;;;;;;app;holiday.remembrance-day;
Streef naar ± 20 tekens (UI-ruimte).;Republic Day;Dag van de Republiek;;;;;;;;;;;;;;;;;;;;;;;;;;;;;;;;;;;;;;;;;;;;;;;;;;;;;;;;;;;;;;;;;;;;;;;;;;;;app;holiday.republic-day;
Streef naar ± 37 tekens (UI-ruimte).;Revolution of the King and the People;Revolutie van de Koning en het Volk;;;;;;;;;;;;;;;;;;;;;;;;;;;;;;;;;;;;;;;;;;;;;;;;;;;;;;;;;;;;;;;;;;;;;;;;;;;;app;holiday.revolution-day-ma;
Streef naar ± 14 tekens (UI-ruimte).;Saint Nicholas;Sinterklaas;;;;;;;;;;;;;;;;;;;;;;;;;;;;;;;;;;;;;;;;;;;;;;;;;;;;;;;;;;;;;;;;;;;;;;;;;;;;app;holiday.sinterklaas;
Streef naar ± 21 tekens (UI-ruimte).;Spring Bank Holiday;Voorjaarsbankfeestdag;;;;;;;;;;;;;;;;;;;;;;;;;;;;;;;;;;;;;;;;;;;;;;;;;;;;;;;;;;;;;;;;;;;;;;;;;;;;app;holiday.spring-bank;
Streef naar ± 19 tekens (UI-ruimte).;Summer Bank Holiday;Zomerbankfeestdag;;;;;;;;;;;;;;;;;;;;;;;;;;;;;;;;;;;;;;;;;;;;;;;;;;;;;;;;;;;;;;;;;;;;;;;;;;;;app;holiday.summer-bank;
Streef naar ± 16 tekens (UI-ruimte).;Independence Day;Srefidensi;;;;;;;;;;;;;;;;;;;;;;;;;;;;;;;;;;;;;;;;;;;;;;;;;;;;;;;;;;;;;;;;;;;;;;;;;;;;app;holiday.suriname-independence;
Streef naar ± 12 tekens (UI-ruimte). Mogelijk niet vertalen (merknaam/symbool/getal).;Thanksgiving;Thanksgiving;;;;;;;;;;;;;;;;;;;;;;;;;;;;;;;;;;;;;;;;;;;;;;;;;;;;;;;;;;;;;;;;;;;;;;;;;;;;app;holiday.thanksgiving;
Streef naar ± 10 tekens (UI-ruimte).;Throne Day;Troonfeest;;;;;;;;;;;;;;;;;;;;;;;;;;;;;;;;;;;;;;;;;;;;;;;;;;;;;;;;;;;;;;;;;;;;;;;;;;;;app;holiday.throne-day;
Streef naar ± 25 tekens (UI-ruimte).;German Unity Day;Dag van de Duitse Eenheid;;;;;;;;;;;;;;;;;;;;;;;;;;;;;;;;;;;;;;;;;;;;;;;;;;;;;;;;;;;;;;;;;;;;;;;;;;;;app;holiday.unity-day;
Streef naar ± 18 tekens (UI-ruimte).;Unity Day;Dag van de Eenheid;;;;;;;;;;;;;;;;;;;;;;;;;;;;;;;;;;;;;;;;;;;;;;;;;;;;;;;;;;;;;;;;;;;;;;;;;;;;app;holiday.unity-day-ma;
Streef naar ± 12 tekens (UI-ruimte).;Veterans Day;Veteranendag;;;;;;;;;;;;;;;;;;;;;;;;;;;;;;;;;;;;;;;;;;;;;;;;;;;;;;;;;;;;;;;;;;;;;;;;;;;;app;holiday.veterans-day;
Streef naar ± 22 tekens (UI-ruimte).;Victory Day;Dag van de Overwinning;;;;;;;;;;;;;;;;;;;;;;;;;;;;;;;;;;;;;;;;;;;;;;;;;;;;;;;;;;;;;;;;;;;;;;;;;;;;app;holiday.victory-day;
Streef naar ± 22 tekens (UI-ruimte).;Victory Day;Dag van de Overwinning;;;;;;;;;;;;;;;;;;;;;;;;;;;;;;;;;;;;;;;;;;;;;;;;;;;;;;;;;;;;;;;;;;;;;;;;;;;;app;holiday.victory-day-tr;
Streef naar ± 15 tekens (UI-ruimte).;Whit Monday;Pinkstermaandag;;;;;;;;;;;;;;;;;;;;;;;;;;;;;;;;;;;;;;;;;;;;;;;;;;;;;;;;;;;;;;;;;;;;;;;;;;;;app;holiday.whit-monday;
Streef naar ± 18 tekens (UI-ruimte).;Whit Sunday;Eerste pinksterdag;;;;;;;;;;;;;;;;;;;;;;;;;;;;;;;;;;;;;;;;;;;;;;;;;;;;;;;;;;;;;;;;;;;;;;;;;;;;app;holiday.whit-sunday;
Streef naar ± 20 tekens (UI-ruimte).;Youth and Sports Day;Jeugd- en Sportdag;;;;;;;;;;;;;;;;;;;;;;;;;;;;;;;;;;;;;;;;;;;;;;;;;;;;;;;;;;;;;;;;;;;;;;;;;;;;app;holiday.youth-day;
Streef naar ± 16 tekens (UI-ruimte).;Youth Day;Dag van de Jeugd;;;;;;;;;;;;;;;;;;;;;;;;;;;;;;;;;;;;;;;;;;;;;;;;;;;;;;;;;;;;;;;;;;;;;;;;;;;;app;holiday.youth-day-ma;
Streef naar ± 6 tekens (UI-ruimte). Mogelijk niet vertalen (merknaam/symbool/getal).;iCloud;iCloud;;;;;;;;;;;;;;;;;;;;;;;;;;;;;;;;;;;;;;;;;;;;;;;;;;;;;;;;;;;;;;;;;;;;;;;;;;;;app;iCloud;
Streef naar ± 35 tekens (UI-ruimte).;iCloud is restricted on this device;iCloud is beperkt op dit apparaat;;;;;;;;;;;;;;;;;;;;;;;;;;;;;;;;;;;;;;;;;;;;;;;;;;;;;;;;;;;;;;;;;;;;;;;;;;;;app;iCloud is beperkt op dit apparaat;
Streef naar ± 36 tekens (UI-ruimte).;iCloud is temporarily unavailable;iCloud is tijdelijk niet beschikbaar;;;;;;;;;;;;;;;;;;;;;;;;;;;;;;;;;;;;;;;;;;;;;;;;;;;;;;;;;;;;;;;;;;;;;;;;;;;;app;iCloud is tijdelijk niet beschikbaar;
Streef naar ± 113 tekens (UI-ruimte).;iCloud must be enabled on this device. Without iCloud, data remains available only on this device.;iCloud moet op dit apparaat zijn ingeschakeld. Zonder iCloud blijven gegevens alleen op dit apparaat beschikbaar.;;;;;;;;;;;;;;;;;;;;;;;;;;;;;;;;;;;;;;;;;;;;;;;;;;;;;;;;;;;;;;;;;;;;;;;;;;;;app;iCloud moet op dit apparaat zijn ingeschakeld. Zonder iCloud blijven gegevens alleen op dit apparaat beschikbaar.;
Behoud de dynamische plaatshouders exact en in dezelfde volgorde: %@ (%@ = tekst, %lld = getal). Niet vertalen. Streef naar ± 36 tekens (UI-ruimte).;iCloud setting was not changed: %@;iCloud-instelling niet gewijzigd: %@;;;;;;;;;;;;;;;;;;;;;;;;;;;;;;;;;;;;;;;;;;;;;;;;;;;;;;;;;;;;;;;;;;;;;;;;;;;;app;iCloud-instelling niet gewijzigd: %@;
Streef naar ± 37 tekens (UI-ruimte).;iCloud status could not be determined;iCloud-status kon niet worden bepaald;;;;;;;;;;;;;;;;;;;;;;;;;;;;;;;;;;;;;;;;;;;;;;;;;;;;;;;;;;;;;;;;;;;;;;;;;;;;app;iCloud-status kon niet worden bepaald;
Streef naar ± 21 tekens (UI-ruimte).;iCloud Sync;iCloud-synchronisatie;;;;;;;;;;;;;;;;;;;;;;;;;;;;;;;;;;;;;;;;;;;;;;;;;;;;;;;;;;;;;;;;;;;;;;;;;;;;app;iCloud-synchronisatie;
Streef naar ± 16 tekens (UI-ruimte).;calendar today;kalender vandaag;;;;;;;;;;;;;;;;;;;;;;;;;;;;;;;;;;;;;;;;;;;;;;;;;;;;;;;;;;;;;;;;;;;;;;;;;;;;app;kalender vandaag;
Streef naar ± 7 tekens (UI-ruimte).;System;Systeem;;;;;;;;;;;;;;;;;;;;;;;;;;;;;;;;;;;;;;;;;;;;;;;;;;;;;;;;;;;;;;;;;;;;;;;;;;;;app;language.system;
Behoud de dynamische plaatshouders exact en in dezelfde volgorde: %@ (%@ = tekst, %lld = getal). Niet vertalen. Behoud speciale tekens: ›. Streef naar ± 234 tekens (UI-ruimte).;The Lock Screen widget is available on iPhone 11 and newer models and on iPhone SE (2nd generation) and newer. Touch and hold the Lock Screen, then tap Customize › Lock Screen › Add Widgets. Then select the %@ widget.;De toegangsschermwidget is beschikbaar op iPhone 11 en nieuwere modellen en op iPhone SE (2e generatie) en nieuwer. Houd het toegangsscherm ingedrukt en tik op Pas aan › Toegangsscherm › Voeg widgets toe. Kies daarna de widget van %@.;;;;;;;;;;;;;;;;;;;;;;;;;;;;;;;;;;;;;;;;;;;;;;;;;;;;;;;;;;;;;;;;;;;;;;;;;;;;app;lockscreen.widget.instructions;
Streef naar ± 9 tekens (UI-ruimte). Mogelijk niet vertalen (merknaam/symbool/getal).;Forget It;Forget It;;;;;;;;;;;;;;;;;;;;;;;;;;;;;;;;;;;;;;;;;;;;;;;;;;;;;;;;;;;;;;;;;;;;;;;;;;;;app;notification.title;
Behoud de dynamische plaatshouders exact en in dezelfde volgorde: %@ (%@ = tekst, %lld = getal). Niet vertalen. Behoud speciale tekens: ‘ ’. Streef naar ± 61 tekens (UI-ruimte).;Allow notifications for ‘%@’ in iOS Settings.;Geef ‘%@’ toestemming voor meldingen via de iOS-instellingen.;;;;;;;;;;;;;;;;;;;;;;;;;;;;;;;;;;;;;;;;;;;;;;;;;;;;;;;;;;;;;;;;;;;;;;;;;;;;app;notifications.permission.settings;
Streef naar ± 12 tekens (UI-ruimte).;6PM dinner;18u uit eten;;;;;;;;;;;;;;;;;;;;;;;;;;;;;;;;;;;;;;;;;;;;;;;;;;;;;;;;;;;;;;;;;;;;;;;;;;;;app;onboarding.agenda.example.dinner;
Streef naar ± 11 tekens (UI-ruimte).;4PM sports;16u sporten;;;;;;;;;;;;;;;;;;;;;;;;;;;;;;;;;;;;;;;;;;;;;;;;;;;;;;;;;;;;;;;;;;;;;;;;;;;;app;onboarding.agenda.example.sports;
Streef naar ± 6 tekens (UI-ruimte).;email;e-mail;;;;;;;;;;;;;;;;;;;;;;;;;;;;;;;;;;;;;;;;;;;;;;;;;;;;;;;;;;;;;;;;;;;;;;;;;;;;app;onboarding.history.emailAccent;
Streef naar ± 20 tekens (UI-ruimte).;This is an example;Dit is een voorbeeld;;;;;;;;;;;;;;;;;;;;;;;;;;;;;;;;;;;;;;;;;;;;;;;;;;;;;;;;;;;;;;;;;;;;;;;;;;;;app;onboarding.history.example;
Behoud speciale tekens: ‘ ’. Streef naar ± 112 tekens (UI-ruimte).;Use the search bar to show only completed items that match your search term. Try searching for ‘example’ now.;Gebruik de zoekbalk om alleen afgeronde items weer te geven die aan je zoekterm voldoen. Zoek nu op ‘voorbeeld’.;;;;;;;;;;;;;;;;;;;;;;;;;;;;;;;;;;;;;;;;;;;;;;;;;;;;;;;;;;;;;;;;;;;;;;;;;;;;app;onboarding.history.searchInstruction;
Streef naar ± 9 tekens (UI-ruimte).;example;voorbeeld;;;;;;;;;;;;;;;;;;;;;;;;;;;;;;;;;;;;;;;;;;;;;;;;;;;;;;;;;;;;;;;;;;;;;;;;;;;;app;onboarding.history.searchTerm;
Streef naar ± 6 tekens (UI-ruimte).;odd;oneven;;;;;;;;;;;;;;;;;;;;;;;;;;;;;;;;;;;;;;;;;;;;;;;;;;;;;;;;;;;;;;;;;;;;;;;;;;;;app;oneven;
Streef naar ± 6 tekens (UI-ruimte).;first;eerste;;;;;;;;;;;;;;;;;;;;;;;;;;;;;;;;;;;;;;;;;;;;;;;;;;;;;;;;;;;;;;;;;;;;;;;;;;;;app;ordinal.first;
Streef naar ± 6 tekens (UI-ruimte).;fourth;vierde;;;;;;;;;;;;;;;;;;;;;;;;;;;;;;;;;;;;;;;;;;;;;;;;;;;;;;;;;;;;;;;;;;;;;;;;;;;;app;ordinal.fourth;
Streef naar ± 7 tekens (UI-ruimte).;last;laatste;;;;;;;;;;;;;;;;;;;;;;;;;;;;;;;;;;;;;;;;;;;;;;;;;;;;;;;;;;;;;;;;;;;;;;;;;;;;app;ordinal.last;
Streef naar ± 6 tekens (UI-ruimte).;second;tweede;;;;;;;;;;;;;;;;;;;;;;;;;;;;;;;;;;;;;;;;;;;;;;;;;;;;;;;;;;;;;;;;;;;;;;;;;;;;app;ordinal.second;
Streef naar ± 5 tekens (UI-ruimte).;third;derde;;;;;;;;;;;;;;;;;;;;;;;;;;;;;;;;;;;;;;;;;;;;;;;;;;;;;;;;;;;;;;;;;;;;;;;;;;;;app;ordinal.third;
Behoud de dynamische plaatshouders exact en in dezelfde volgorde: %@ (%@ = tekst, %lld = getal). Niet vertalen. Streef naar ± 17 tekens (UI-ruimte).;Added to %@;Toegevoegd aan %@;;;;;;;;;;;;;;;;;;;;;;;;;;;;;;;;;;;;;;;;;;;;;;;;;;;;;;;;;;;;;;;;;;;;;;;;;;;;app;quick.addedTo;
Behoud de dynamische plaatshouders exact en in dezelfde volgorde: %@ (%@ = tekst, %lld = getal). Niet vertalen. Streef naar ± 15 tekens (UI-ruimte).;Annually on %@;Jaarlijks op %@;;;;;;;;;;;;;;;;;;;;;;;;;;;;;;;;;;;;;;;;;;;;;;;;;;;;;;;;;;;;;;;;;;;;;;;;;;;;app;recurrence.annuallyOn;
Behoud de dynamische plaatshouders exact en in dezelfde volgorde: %lld (%@ = tekst, %lld = getal). Niet vertalen. Streef naar ± 29 tekens (UI-ruimte).;Approximately every %lld days;Ongeveer elke %lld dagen;;;;;;;;;;;;;;;;;;;;;;;;;;;;;;;;;;;;;;;;;;;;;;;;;;;;;;;;;;;;;;;;;;;;;;;;;;;;app;recurrence.approximatelyEveryDays;
Behoud de dynamische plaatshouders exact en in dezelfde volgorde: %lld (%@ = tekst, %lld = getal). Niet vertalen. Streef naar ± 31 tekens (UI-ruimte).;Approximately every %lld months;Ongeveer elke %lld maanden;;;;;;;;;;;;;;;;;;;;;;;;;;;;;;;;;;;;;;;;;;;;;;;;;;;;;;;;;;;;;;;;;;;;;;;;;;;;app;recurrence.approximatelyEveryMonths;
Behoud de dynamische plaatshouders exact en in dezelfde volgorde: %lld (%@ = tekst, %lld = getal). Niet vertalen. Streef naar ± 30 tekens (UI-ruimte).;Approximately every %lld weeks;Ongeveer elke %lld weken;;;;;;;;;;;;;;;;;;;;;;;;;;;;;;;;;;;;;;;;;;;;;;;;;;;;;;;;;;;;;;;;;;;;;;;;;;;;app;recurrence.approximatelyEveryWeeks;
Behoud de dynamische plaatshouders exact en in dezelfde volgorde: %lld (%@ = tekst, %lld = getal). Niet vertalen. Streef naar ± 30 tekens (UI-ruimte).;Approximately every %lld years;Ongeveer elke %lld jaar;;;;;;;;;;;;;;;;;;;;;;;;;;;;;;;;;;;;;;;;;;;;;;;;;;;;;;;;;;;;;;;;;;;;;;;;;;;;app;recurrence.approximatelyEveryYears;
Behoud de dynamische plaatshouders exact en in dezelfde volgorde: %lld (%@ = tekst, %lld = getal). Niet vertalen. Streef naar ± 15 tekens (UI-ruimte).;Every %lld days;Elke %lld dagen;;;;;;;;;;;;;;;;;;;;;;;;;;;;;;;;;;;;;;;;;;;;;;;;;;;;;;;;;;;;;;;;;;;;;;;;;;;;app;recurrence.everyDays;
Behoud de dynamische plaatshouders exact en in dezelfde volgorde: %@, %lld (%@ = tekst, %lld = getal). Niet vertalen. Streef naar ± 31 tekens (UI-ruimte).;Every %1$lld months on the %2$@;Elke %1$lld maanden op de %2$@;;;;;;;;;;;;;;;;;;;;;;;;;;;;;;;;;;;;;;;;;;;;;;;;;;;;;;;;;;;;;;;;;;;;;;;;;;;;app;recurrence.everyMonthsOn;
Behoud de dynamische plaatshouders exact en in dezelfde volgorde: %@, %@ (%@ = tekst, %lld = getal). Niet vertalen. Streef naar ± 23 tekens (UI-ruimte).;Every %1$@ week on %2$@;Elke %1$@ week op %2$@;;;;;;;;;;;;;;;;;;;;;;;;;;;;;;;;;;;;;;;;;;;;;;;;;;;;;;;;;;;;;;;;;;;;;;;;;;;;app;recurrence.everyParityWeekOn;
Behoud de dynamische plaatshouders exact en in dezelfde volgorde: %@, %lld (%@ = tekst, %lld = getal). Niet vertalen. Streef naar ± 26 tekens (UI-ruimte).;Every %1$lld weeks on %2$@;Elke %1$lld weken op %2$@;;;;;;;;;;;;;;;;;;;;;;;;;;;;;;;;;;;;;;;;;;;;;;;;;;;;;;;;;;;;;;;;;;;;;;;;;;;;app;recurrence.everyWeeksOn;
Behoud de dynamische plaatshouders exact en in dezelfde volgorde: %@, %lld (%@ = tekst, %lld = getal). Niet vertalen. Streef naar ± 26 tekens (UI-ruimte).;Every %1$lld years on %2$@;Elke %1$lld jaar op %2$@;;;;;;;;;;;;;;;;;;;;;;;;;;;;;;;;;;;;;;;;;;;;;;;;;;;;;;;;;;;;;;;;;;;;;;;;;;;;app;recurrence.everyYearsOn;
Streef naar ± 19 tekens (UI-ruimte).;Add frequency;Voeg frequentie toe;;;;;;;;;;;;;;;;;;;;;;;;;;;;;;;;;;;;;;;;;;;;;;;;;;;;;;;;;;;;;;;;;;;;;;;;;;;;app;recurrence.frequency.add;
Streef naar ± 28 tekens (UI-ruimte).;Frequency not recognized yet;Frequentie nog niet herkend;;;;;;;;;;;;;;;;;;;;;;;;;;;;;;;;;;;;;;;;;;;;;;;;;;;;;;;;;;;;;;;;;;;;;;;;;;;;app;recurrence.frequency.unrecognized;
Behoud de dynamische plaatshouders exact en in dezelfde volgorde: %@ (%@ = tekst, %lld = getal). Niet vertalen. Streef naar ± 20 tekens (UI-ruimte).;Monthly on the %@;Maandelijks op de %@;;;;;;;;;;;;;;;;;;;;;;;;;;;;;;;;;;;;;;;;;;;;;;;;;;;;;;;;;;;;;;;;;;;;;;;;;;;;app;recurrence.monthlyOn;
Behoud de dynamische plaatshouders exact en in dezelfde volgorde: %@, %@ (%@ = tekst, %lld = getal). Niet vertalen. Streef naar ± 22 tekens (UI-ruimte).;%1$@ %2$@ of the month;%1$@ %2$@ van de maand;;;;;;;;;;;;;;;;;;;;;;;;;;;;;;;;;;;;;;;;;;;;;;;;;;;;;;;;;;;;;;;;;;;;;;;;;;;;app;recurrence.ordinalWeekdayOfMonth;
Behoud de dynamische plaatshouders exact en in dezelfde volgorde: %@, %@, %@ (%@ = tekst, %lld = getal). Niet vertalen. Streef naar ± 18 tekens (UI-ruimte).;%1$@ %2$@ of %3$@;%1$@ %2$@ van %3$@;;;;;;;;;;;;;;;;;;;;;;;;;;;;;;;;;;;;;;;;;;;;;;;;;;;;;;;;;;;;;;;;;;;;;;;;;;;;app;recurrence.ordinalWeekdayOfNamedMonth;
Behoud de dynamische plaatshouders exact en in dezelfde volgorde: %@ (%@ = tekst, %lld = getal). Niet vertalen. Streef naar ± 23 tekens (UI-ruimte).;Every quarter on the %@;Elk kwartaal op de %@;;;;;;;;;;;;;;;;;;;;;;;;;;;;;;;;;;;;;;;;;;;;;;;;;;;;;;;;;;;;;;;;;;;;;;;;;;;;app;recurrence.quarterlyOn;
Behoud de dynamische plaatshouders exact en in dezelfde volgorde: %@ (%@ = tekst, %lld = getal). Niet vertalen. Streef naar ± 15 tekens (UI-ruimte).;Weekly on %@;Wekelijks op %@;;;;;;;;;;;;;;;;;;;;;;;;;;;;;;;;;;;;;;;;;;;;;;;;;;;;;;;;;;;;;;;;;;;;;;;;;;;;app;recurrence.weeklyOn;
Behoud speciale tekens: …. Streef naar ± 27 tekens (UI-ruimte).;Loading recurring items…;Herhalingen worden geladen…;;;;;;;;;;;;;;;;;;;;;;;;;;;;;;;;;;;;;;;;;;;;;;;;;;;;;;;;;;;;;;;;;;;;;;;;;;;;app;recurring.loading;
Behoud speciale tekens: …. Streef naar ± 30 tekens (UI-ruimte).;Rescheduling recurring items…;Bezig met opnieuw doorplannen…;;;;;;;;;;;;;;;;;;;;;;;;;;;;;;;;;;;;;;;;;;;;;;;;;;;;;;;;;;;;;;;;;;;;;;;;;;;;app;recurring.rescheduling;
Streef naar ± 30 tekens (UI-ruimte).;Rescheduling failed;Opnieuw doorplannen is mislukt;;;;;;;;;;;;;;;;;;;;;;;;;;;;;;;;;;;;;;;;;;;;;;;;;;;;;;;;;;;;;;;;;;;;;;;;;;;;app;recurring.reschedulingFailed;
Streef naar ± 7 tekens (UI-ruimte).;Retry;Opnieuw;;;;;;;;;;;;;;;;;;;;;;;;;;;;;;;;;;;;;;;;;;;;;;;;;;;;;;;;;;;;;;;;;;;;;;;;;;;;app;recurring.retry;
Behoud de dynamische plaatshouders exact en in dezelfde volgorde: %lld (%@ = tekst, %lld = getal). Niet vertalen. Streef naar ± 17 tekens (UI-ruimte).;%lld birthdays;%lld verjaardagen;;;;;;;;;;;;;;;;;;;;;;;;;;;;;;;;;;;;;;;;;;;;;;;;;;;;;;;;;;;;;;;;;;;;;;;;;;;;app;recurring.subtitle.birthday.many;
Behoud de dynamische plaatshouders exact en in dezelfde volgorde: %lld (%@ = tekst, %lld = getal). Niet vertalen. Streef naar ± 15 tekens (UI-ruimte).;%lld birthday;%lld verjaardag;;;;;;;;;;;;;;;;;;;;;;;;;;;;;;;;;;;;;;;;;;;;;;;;;;;;;;;;;;;;;;;;;;;;;;;;;;;;app;recurring.subtitle.birthday.one;
Behoud de dynamische plaatshouders exact en in dezelfde volgorde: %lld (%@ = tekst, %lld = getal). Niet vertalen. Streef naar ± 20 tekens (UI-ruimte).;%lld custom;%lld zelf toegevoegd;;;;;;;;;;;;;;;;;;;;;;;;;;;;;;;;;;;;;;;;;;;;;;;;;;;;;;;;;;;;;;;;;;;;;;;;;;;;app;recurring.subtitle.custom.many;
Behoud de dynamische plaatshouders exact en in dezelfde volgorde: %lld (%@ = tekst, %lld = getal). Niet vertalen. Streef naar ± 20 tekens (UI-ruimte).;%lld custom;%lld zelf toegevoegd;;;;;;;;;;;;;;;;;;;;;;;;;;;;;;;;;;;;;;;;;;;;;;;;;;;;;;;;;;;;;;;;;;;;;;;;;;;;app;recurring.subtitle.custom.one;
Behoud de dynamische plaatshouders exact en in dezelfde volgorde: %lld (%@ = tekst, %lld = getal). Niet vertalen. Streef naar ± 15 tekens (UI-ruimte).;%lld holidays;%lld feestdagen;;;;;;;;;;;;;;;;;;;;;;;;;;;;;;;;;;;;;;;;;;;;;;;;;;;;;;;;;;;;;;;;;;;;;;;;;;;;app;recurring.subtitle.holiday.many;
Behoud de dynamische plaatshouders exact en in dezelfde volgorde: %lld (%@ = tekst, %lld = getal). Niet vertalen. Streef naar ± 13 tekens (UI-ruimte).;%lld holiday;%lld feestdag;;;;;;;;;;;;;;;;;;;;;;;;;;;;;;;;;;;;;;;;;;;;;;;;;;;;;;;;;;;;;;;;;;;;;;;;;;;;app;recurring.subtitle.holiday.one;
Behoud de dynamische plaatshouders exact en in dezelfde volgorde: %lld (%@ = tekst, %lld = getal). Niet vertalen. Streef naar ± 16 tekens (UI-ruimte).;%lld recurrences;%lld herhalingen;;;;;;;;;;;;;;;;;;;;;;;;;;;;;;;;;;;;;;;;;;;;;;;;;;;;;;;;;;;;;;;;;;;;;;;;;;;;app;recurring.subtitle.recurrence.many;
Behoud de dynamische plaatshouders exact en in dezelfde volgorde: %lld (%@ = tekst, %lld = getal). Niet vertalen. Streef naar ± 15 tekens (UI-ruimte).;%lld recurrence;%lld herhaling;;;;;;;;;;;;;;;;;;;;;;;;;;;;;;;;;;;;;;;;;;;;;;;;;;;;;;;;;;;;;;;;;;;;;;;;;;;;app;recurring.subtitle.recurrence.one;
Behoud de dynamische plaatshouders exact en in dezelfde volgorde: %lld (%@ = tekst, %lld = getal). Niet vertalen. Streef naar ± 18 tekens (UI-ruimte).;%lld reminders;%lld herinneringen;;;;;;;;;;;;;;;;;;;;;;;;;;;;;;;;;;;;;;;;;;;;;;;;;;;;;;;;;;;;;;;;;;;;;;;;;;;;app;recurring.subtitle.reminder.many;
Behoud de dynamische plaatshouders exact en in dezelfde volgorde: %lld (%@ = tekst, %lld = getal). Niet vertalen. Streef naar ± 16 tekens (UI-ruimte).;%lld reminder;%lld herinnering;;;;;;;;;;;;;;;;;;;;;;;;;;;;;;;;;;;;;;;;;;;;;;;;;;;;;;;;;;;;;;;;;;;;;;;;;;;;app;recurring.subtitle.reminder.one;
Streef naar ± 8 tekens (UI-ruimte).;Calendar;Kalender;;;;;;;;;;;;;;;;;;;;;;;;;;;;;;;;;;;;;;;;;;;;;;;;;;;;;;;;;;;;;;;;;;;;;;;;;;;;app;section.calendar;
Streef naar ± 8 tekens (UI-ruimte).;Finished;Afgerond;;;;;;;;;;;;;;;;;;;;;;;;;;;;;;;;;;;;;;;;;;;;;;;;;;;;;;;;;;;;;;;;;;;;;;;;;;;;app;section.finished;
Streef naar ± 11 tekens (UI-ruimte).;Recurring;Herhalingen;;;;;;;;;;;;;;;;;;;;;;;;;;;;;;;;;;;;;;;;;;;;;;;;;;;;;;;;;;;;;;;;;;;;;;;;;;;;app;section.recurring;
Streef naar ± 5 tekens (UI-ruimte).;To-do;Taken;;;;;;;;;;;;;;;;;;;;;;;;;;;;;;;;;;;;;;;;;;;;;;;;;;;;;;;;;;;;;;;;;;;;;;;;;;;;app;section.todo;
Streef naar ± 8 tekens (UI-ruimte).;Language;Taal;;;;;;;;;;;;;;;;;;;;;;;;;;;;;;;;;;;;;;;;;;;;;;;;;;;;;;;;;;;;;;;;;;;;;;;;;;;;app;settings.language;
Behoud de dynamische plaatshouders exact en in dezelfde volgorde: %lld (%@ = tekst, %lld = getal). Niet vertalen. Streef naar ± 29 tekens (UI-ruimte).;Test again in %lld sec.;Opnieuw testen over %lld sec.;;;;;;;;;;;;;;;;;;;;;;;;;;;;;;;;;;;;;;;;;;;;;;;;;;;;;;;;;;;;;;;;;;;;;;;;;;;;app;settings.testAgainInSeconds;
Streef naar ± 18 tekens (UI-ruimte).;Weekday formatting;Weekdagnotatie;;;;;;;;;;;;;;;;;;;;;;;;;;;;;;;;;;;;;;;;;;;;;;;;;;;;;;;;;;;;;;;;;;;;;;;;;;;;app;settings.weekdayFormatting;
Streef naar ± 30 tekens (UI-ruimte).;No access to the microphone.;Geen toegang tot de microfoon.;;;;;;;;;;;;;;;;;;;;;;;;;;;;;;;;;;;;;;;;;;;;;;;;;;;;;;;;;;;;;;;;;;;;;;;;;;;;app;speech.error.microphone;
Streef naar ± 39 tekens (UI-ruimte).;No permission for speech recognition.;Geen toestemming voor spraakherkenning.;;;;;;;;;;;;;;;;;;;;;;;;;;;;;;;;;;;;;;;;;;;;;;;;;;;;;;;;;;;;;;;;;;;;;;;;;;;;app;speech.error.permission;
Streef naar ± 33 tekens (UI-ruimte).;Speech recording could not start.;Spraakopname kon niet starten.;;;;;;;;;;;;;;;;;;;;;;;;;;;;;;;;;;;;;;;;;;;;;;;;;;;;;;;;;;;;;;;;;;;;;;;;;;;;app;speech.error.startFailed;
Streef naar ± 47 tekens (UI-ruimte).;Speech recognition is currently unavailable.;Spraakherkenning is momenteel niet beschikbaar.;;;;;;;;;;;;;;;;;;;;;;;;;;;;;;;;;;;;;;;;;;;;;;;;;;;;;;;;;;;;;;;;;;;;;;;;;;;;app;speech.error.unavailable;
Streef naar ± 5 tekens (UI-ruimte).;done;klaar;;;;;;;;;;;;;;;;;;;;;;;;;;;;;;;;;;;;;;;;;;;;;;;;;;;;;;;;;;;;;;;;;;;;;;;;;;;;app;speech.stopWord;
Streef naar ± 18 tekens (UI-ruimte).;Created today;Vandaag aangemaakt;;;;;;;;;;;;;;;;;;;;;;;;;;;;;;;;;;;;;;;;;;;;;;;;;;;;;;;;;;;;;;;;;;;;;;;;;;;;app;todo.age.createdToday;
Behoud de dynamische plaatshouders exact en in dezelfde volgorde: %lld (%@ = tekst, %lld = getal). Niet vertalen. Streef naar ± 18 tekens (UI-ruimte).;Open for %lld days;%lld dagen open;;;;;;;;;;;;;;;;;;;;;;;;;;;;;;;;;;;;;;;;;;;;;;;;;;;;;;;;;;;;;;;;;;;;;;;;;;;;app;todo.age.daysOpen;
Behoud de dynamische plaatshouders exact en in dezelfde volgorde: %lld (%@ = tekst, %lld = getal). Niet vertalen. Streef naar ± 5 tekens (UI-ruimte). Mogelijk niet vertalen (merknaam/symbool/getal).;%lldd;%lldd;;;;;;;;;;;;;;;;;;;;;;;;;;;;;;;;;;;;;;;;;;;;;;;;;;;;;;;;;;;;;;;;;;;;;;;;;;;;app;todo.age.daysShort;
Behoud de dynamische plaatshouders exact en in dezelfde volgorde: %lld (%@ = tekst, %lld = getal). Niet vertalen. Streef naar ± 5 tekens (UI-ruimte). Mogelijk niet vertalen (merknaam/symbool/getal).;%lldm;%lldm;;;;;;;;;;;;;;;;;;;;;;;;;;;;;;;;;;;;;;;;;;;;;;;;;;;;;;;;;;;;;;;;;;;;;;;;;;;;app;todo.age.monthsShort;
Streef naar ± 3 tekens (UI-ruimte).;now;nu;;;;;;;;;;;;;;;;;;;;;;;;;;;;;;;;;;;;;;;;;;;;;;;;;;;;;;;;;;;;;;;;;;;;;;;;;;;;app;todo.age.now;
Behoud de dynamische plaatshouders exact en in dezelfde volgorde: %lld (%@ = tekst, %lld = getal). Niet vertalen. Streef naar ± 5 tekens (UI-ruimte). Mogelijk niet vertalen (merknaam/symbool/getal).;%lldw;%lldw;;;;;;;;;;;;;;;;;;;;;;;;;;;;;;;;;;;;;;;;;;;;;;;;;;;;;;;;;;;;;;;;;;;;;;;;;;;;app;todo.age.weeksShort;
Streef naar ± 5 tekens (UI-ruimte).;Date;Datum;;;;;;;;;;;;;;;;;;;;;;;;;;;;;;;;;;;;;;;;;;;;;;;;;;;;;;;;;;;;;;;;;;;;;;;;;;;;app;todo.agendaDate.date;
Streef naar ± 9 tekens (UI-ruimte).;Move;Verplaats;;;;;;;;;;;;;;;;;;;;;;;;;;;;;;;;;;;;;;;;;;;;;;;;;;;;;;;;;;;;;;;;;;;;;;;;;;;;app;todo.agendaDate.move;
Streef naar ± 23 tekens (UI-ruimte).;Move to calendar;Naar agenda verplaatsen;;;;;;;;;;;;;;;;;;;;;;;;;;;;;;;;;;;;;;;;;;;;;;;;;;;;;;;;;;;;;;;;;;;;;;;;;;;;app;todo.agendaDate.title;
Streef naar ± 11 tekens (UI-ruimte).;Delete;Verwijderen;;;;;;;;;;;;;;;;;;;;;;;;;;;;;;;;;;;;;;;;;;;;;;;;;;;;;;;;;;;;;;;;;;;;;;;;;;;;app;todo.menu.delete;
Streef naar ± 13 tekens (UI-ruimte).;Move to today;Naar vandaag;;;;;;;;;;;;;;;;;;;;;;;;;;;;;;;;;;;;;;;;;;;;;;;;;;;;;;;;;;;;;;;;;;;;;;;;;;;;app;todo.menu.moveToToday;
Behoud de dynamische plaatshouders exact en in dezelfde volgorde: %@ (%@ = tekst, %lld = getal). Niet vertalen. Streef naar ± 16 tekens (UI-ruimte).;Move to today %@;Naar vandaag %@;;;;;;;;;;;;;;;;;;;;;;;;;;;;;;;;;;;;;;;;;;;;;;;;;;;;;;;;;;;;;;;;;;;;;;;;;;;;app;todo.menu.moveToTodayWithDate;
Streef naar ± 23 tekens (UI-ruimte).;No other categories;Geen andere categorieën;;;;;;;;;;;;;;;;;;;;;;;;;;;;;;;;;;;;;;;;;;;;;;;;;;;;;;;;;;;;;;;;;;;;;;;;;;;;app;todo.menu.noOtherCategories;
Streef naar ± 22 tekens (UI-ruimte).;Other date in calendar;Andere datum in agenda;;;;;;;;;;;;;;;;;;;;;;;;;;;;;;;;;;;;;;;;;;;;;;;;;;;;;;;;;;;;;;;;;;;;;;;;;;;;app;todo.menu.otherAgendaDate;
Behoud de dynamische plaatshouders exact en in dezelfde volgorde: %@, %@ (%@ = tekst, %lld = getal). Niet vertalen. Behoud speciale tekens: ‘ ’. Streef naar ± 27 tekens (UI-ruimte).;‘%1$@’ moved to %2$@;‘%1$@’ verplaatst naar %2$@;;;;;;;;;;;;;;;;;;;;;;;;;;;;;;;;;;;;;;;;;;;;;;;;;;;;;;;;;;;;;;;;;;;;;;;;;;;;app;todo.movedToDate;
Streef naar ± 10 tekens (UI-ruimte).;Open since;Open sinds;;;;;;;;;;;;;;;;;;;;;;;;;;;;;;;;;;;;;;;;;;;;;;;;;;;;;;;;;;;;;;;;;;;;;;;;;;;;app;todo.openSince;
Streef naar ± 20 tekens (UI-ruimte).;Adjust open since;Open sinds aanpassen;;;;;;;;;;;;;;;;;;;;;;;;;;;;;;;;;;;;;;;;;;;;;;;;;;;;;;;;;;;;;;;;;;;;;;;;;;;;app;todo.openSince.adjust;
Streef naar ± 8 tekens (UI-ruimte).;Cancel;Annuleer;;;;;;;;;;;;;;;;;;;;;;;;;;;;;;;;;;;;;;;;;;;;;;;;;;;;;;;;;;;;;;;;;;;;;;;;;;;;app;todo.openSince.cancel;
Streef naar ± 17 tekens (UI-ruimte).;Days open;Aantal dagen open;;;;;;;;;;;;;;;;;;;;;;;;;;;;;;;;;;;;;;;;;;;;;;;;;;;;;;;;;;;;;;;;;;;;;;;;;;;;app;todo.openSince.days;
Streef naar ± 7 tekens (UI-ruimte).;Save;Opslaan;;;;;;;;;;;;;;;;;;;;;;;;;;;;;;;;;;;;;;;;;;;;;;;;;;;;;;;;;;;;;;;;;;;;;;;;;;;;app;todo.openSince.save;
Streef naar ± 6 tekens (UI-ruimte).;yellow;geel;;;;;;;;;;;;;;;;;;;;;;;;;;;;;;;;;;;;;;;;;;;;;;;;;;;;;;;;;;;;;;;;;;;;;;;;;;;;app;tutorial.highlight.yellowWord;
Behoud de dynamische plaatshouders exact en in dezelfde volgorde: %lld, %lld (%@ = tekst, %lld = getal). Niet vertalen. Streef naar ± 18 tekens (UI-ruimte).;Step %1$lld/%2$lld;Stap %1$lld/%2$lld;;;;;;;;;;;;;;;;;;;;;;;;;;;;;;;;;;;;;;;;;;;;;;;;;;;;;;;;;;;;;;;;;;;;;;;;;;;;app;tutorial.step;
Streef naar ± 14 tekens (UI-ruimte).;Type something;Typ iets;;;;;;;;;;;;;;;;;;;;;;;;;;;;;;;;;;;;;;;;;;;;;;;;;;;;;;;;;;;;;;;;;;;;;;;;;;;;app;typ iets;
Streef naar ± 3 tekens (UI-ruimte).;day;dag;;;;;;;;;;;;;;;;;;;;;;;;;;;;;;;;;;;;;;;;;;;;;;;;;;;;;;;;;;;;;;;;;;;;;;;;;;;;app;unit.day.one;
Streef naar ± 5 tekens (UI-ruimte).;days;dagen;;;;;;;;;;;;;;;;;;;;;;;;;;;;;;;;;;;;;;;;;;;;;;;;;;;;;;;;;;;;;;;;;;;;;;;;;;;;app;unit.day.other;
Streef naar ± 5 tekens (UI-ruimte).;month;maand;;;;;;;;;;;;;;;;;;;;;;;;;;;;;;;;;;;;;;;;;;;;;;;;;;;;;;;;;;;;;;;;;;;;;;;;;;;;app;unit.month.one;
Streef naar ± 7 tekens (UI-ruimte).;months;maanden;;;;;;;;;;;;;;;;;;;;;;;;;;;;;;;;;;;;;;;;;;;;;;;;;;;;;;;;;;;;;;;;;;;;;;;;;;;;app;unit.month.other;
Streef naar ± 4 tekens (UI-ruimte). Mogelijk niet vertalen (merknaam/symbool/getal).;week;week;;;;;;;;;;;;;;;;;;;;;;;;;;;;;;;;;;;;;;;;;;;;;;;;;;;;;;;;;;;;;;;;;;;;;;;;;;;;app;unit.week.one;
Streef naar ± 5 tekens (UI-ruimte).;weeks;weken;;;;;;;;;;;;;;;;;;;;;;;;;;;;;;;;;;;;;;;;;;;;;;;;;;;;;;;;;;;;;;;;;;;;;;;;;;;;app;unit.week.other;
Streef naar ± 4 tekens (UI-ruimte).;year;jaar;;;;;;;;;;;;;;;;;;;;;;;;;;;;;;;;;;;;;;;;;;;;;;;;;;;;;;;;;;;;;;;;;;;;;;;;;;;;app;unit.year.one;
Streef naar ± 5 tekens (UI-ruimte).;years;jaar;;;;;;;;;;;;;;;;;;;;;;;;;;;;;;;;;;;;;;;;;;;;;;;;;;;;;;;;;;;;;;;;;;;;;;;;;;;;app;unit.year.other;
Behoud de dynamische plaatshouders exact en in dezelfde volgorde: %@ (%@ = tekst, %lld = getal). Niet vertalen. Streef naar ± 61 tekens (UI-ruimte).;Choose how %@ determines the place for your weather forecast.;Kies hoe %@ de plaats voor je weersverwachting bepaalt.;;;;;;;;;;;;;;;;;;;;;;;;;;;;;;;;;;;;;;;;;;;;;;;;;;;;;;;;;;;;;;;;;;;;;;;;;;;;app;weather.location.explanation;
Streef naar ± 16 tekens (UI-ruimte). Mogelijk niet vertalen (merknaam/symbool/getal).;18:00 Blind date;18:00 Blind date;;;;;;;;;;;;;;;;;;;;;;;;;;;;;;;;;;;;;;;;;;;;;;;;;;;;;;;;;;;;;;;;;;;;;;;;;;;;app;widget.preview.calendar.blindDate;
Streef naar ± 20 tekens (UI-ruimte).;14:30 Bungee jumping;14:30 Bungeejumpen;;;;;;;;;;;;;;;;;;;;;;;;;;;;;;;;;;;;;;;;;;;;;;;;;;;;;;;;;;;;;;;;;;;;;;;;;;;;app;widget.preview.calendar.bungeeJumping;
Streef naar ± 27 tekens (UI-ruimte).;19:30 Dinner with friends;19:30 Uit eten met vrienden;;;;;;;;;;;;;;;;;;;;;;;;;;;;;;;;;;;;;;;;;;;;;;;;;;;;;;;;;;;;;;;;;;;;;;;;;;;;app;widget.preview.calendar.dinnerWithFriends;
Streef naar ± 17 tekens (UI-ruimte).;16:00 Gym session;16:00 Sportsessie;;;;;;;;;;;;;;;;;;;;;;;;;;;;;;;;;;;;;;;;;;;;;;;;;;;;;;;;;;;;;;;;;;;;;;;;;;;;app;widget.preview.calendar.gymSession;
Streef naar ± 25 tekens (UI-ruimte).;10:00 Job interview;10:00 Sollicitatiegesprek;;;;;;;;;;;;;;;;;;;;;;;;;;;;;;;;;;;;;;;;;;;;;;;;;;;;;;;;;;;;;;;;;;;;;;;;;;;;app;widget.preview.calendar.jobInterview;
Streef naar ± 33 tekens (UI-ruimte).;16:30 Hang out with Justin Bieber;16:30 Afspreken met Justin Bieber;;;;;;;;;;;;;;;;;;;;;;;;;;;;;;;;;;;;;;;;;;;;;;;;;;;;;;;;;;;;;;;;;;;;;;;;;;;;app;widget.preview.calendar.justinBieber;
Streef naar ± 22 tekens (UI-ruimte).;21:00 Karaoke battle;21:00 Karaokewedstrijd;;;;;;;;;;;;;;;;;;;;;;;;;;;;;;;;;;;;;;;;;;;;;;;;;;;;;;;;;;;;;;;;;;;;;;;;;;;;app;widget.preview.calendar.karaokeBattle;
Streef naar ± 20 tekens (UI-ruimte).;17:00 Pizza tasting;17:00 Pizzaproeverij;;;;;;;;;;;;;;;;;;;;;;;;;;;;;;;;;;;;;;;;;;;;;;;;;;;;;;;;;;;;;;;;;;;;;;;;;;;;app;widget.preview.calendar.pizzaTasting;
Streef naar ± 26 tekens (UI-ruimte).;22:00 Secret rooftop party;22:00 Geheim dakfeest;;;;;;;;;;;;;;;;;;;;;;;;;;;;;;;;;;;;;;;;;;;;;;;;;;;;;;;;;;;;;;;;;;;;;;;;;;;;app;widget.preview.calendar.rooftopParty;
Streef naar ± 24 tekens (UI-ruimte).;15:30 Tattoo appointment;15:30 Tattooafspraak;;;;;;;;;;;;;;;;;;;;;;;;;;;;;;;;;;;;;;;;;;;;;;;;;;;;;;;;;;;;;;;;;;;;;;;;;;;;app;widget.preview.calendar.tattooAppointment;
Streef naar ± 23 tekens (UI-ruimte).;Take my annual shower;Jaarlijkse douche nemen;;;;;;;;;;;;;;;;;;;;;;;;;;;;;;;;;;;;;;;;;;;;;;;;;;;;;;;;;;;;;;;;;;;;;;;;;;;;app;widget.preview.task.annualShower;
Streef naar ± 20 tekens (UI-ruimte).;Clean the house;Het huis schoonmaken;;;;;;;;;;;;;;;;;;;;;;;;;;;;;;;;;;;;;;;;;;;;;;;;;;;;;;;;;;;;;;;;;;;;;;;;;;;;app;widget.preview.task.cleanHouse;
Streef naar ± 42 tekens (UI-ruimte).;Delete all social media apps from my phone;Alle social media van telefoon verwijderen;;;;;;;;;;;;;;;;;;;;;;;;;;;;;;;;;;;;;;;;;;;;;;;;;;;;;;;;;;;;;;;;;;;;;;;;;;;;app;widget.preview.task.deleteSocialMedia;
Streef naar ± 23 tekens (UI-ruimte).;Finish the playlist;De afspeellijst afmaken;;;;;;;;;;;;;;;;;;;;;;;;;;;;;;;;;;;;;;;;;;;;;;;;;;;;;;;;;;;;;;;;;;;;;;;;;;;;app;widget.preview.task.finishPlaylist;
Streef naar ± 19 tekens (UI-ruimte).;Find a new hobby;Nieuwe hobby zoeken;;;;;;;;;;;;;;;;;;;;;;;;;;;;;;;;;;;;;;;;;;;;;;;;;;;;;;;;;;;;;;;;;;;;;;;;;;;;app;widget.preview.task.newHobby;
Streef naar ± 25 tekens (UI-ruimte).;Try a new recipe;Een nieuw recept proberen;;;;;;;;;;;;;;;;;;;;;;;;;;;;;;;;;;;;;;;;;;;;;;;;;;;;;;;;;;;;;;;;;;;;;;;;;;;;app;widget.preview.task.newRecipe;
Streef naar ± 19 tekens (UI-ruimte).;Plan the road trip;De roadtrip plannen;;;;;;;;;;;;;;;;;;;;;;;;;;;;;;;;;;;;;;;;;;;;;;;;;;;;;;;;;;;;;;;;;;;;;;;;;;;;app;widget.preview.task.planRoadTrip;
Streef naar ± 29 tekens (UI-ruimte).;Print photos at the store;Foto’s afdrukken in de winkel;;;;;;;;;;;;;;;;;;;;;;;;;;;;;;;;;;;;;;;;;;;;;;;;;;;;;;;;;;;;;;;;;;;;;;;;;;;;app;widget.preview.task.printPhotos;
Streef naar ± 20 tekens (UI-ruimte).;Reply to fan mail;Fanmail beantwoorden;;;;;;;;;;;;;;;;;;;;;;;;;;;;;;;;;;;;;;;;;;;;;;;;;;;;;;;;;;;;;;;;;;;;;;;;;;;;app;widget.preview.task.replyFanMail;
Streef naar ± 28 tekens (UI-ruimte).;Sell old clothes online;Oude kleding online verkopen;;;;;;;;;;;;;;;;;;;;;;;;;;;;;;;;;;;;;;;;;;;;;;;;;;;;;;;;;;;;;;;;;;;;;;;;;;;;app;widget.preview.task.sellClothes;
Streef naar ± 8 tekens (UI-ruimte).;Aquarius;Waterman;;;;;;;;;;;;;;;;;;;;;;;;;;;;;;;;;;;;;;;;;;;;;;;;;;;;;;;;;;;;;;;;;;;;;;;;;;;;app;zodiac.aquarius;
Streef naar ± 5 tekens (UI-ruimte).;Aries;Ram;;;;;;;;;;;;;;;;;;;;;;;;;;;;;;;;;;;;;;;;;;;;;;;;;;;;;;;;;;;;;;;;;;;;;;;;;;;;app;zodiac.aries;
Streef naar ± 6 tekens (UI-ruimte).;Cancer;Kreeft;;;;;;;;;;;;;;;;;;;;;;;;;;;;;;;;;;;;;;;;;;;;;;;;;;;;;;;;;;;;;;;;;;;;;;;;;;;;app;zodiac.cancer;
Streef naar ± 9 tekens (UI-ruimte).;Capricorn;Steenbok;;;;;;;;;;;;;;;;;;;;;;;;;;;;;;;;;;;;;;;;;;;;;;;;;;;;;;;;;;;;;;;;;;;;;;;;;;;;app;zodiac.capricorn;
Streef naar ± 10 tekens (UI-ruimte).;Gemini;Tweelingen;;;;;;;;;;;;;;;;;;;;;;;;;;;;;;;;;;;;;;;;;;;;;;;;;;;;;;;;;;;;;;;;;;;;;;;;;;;;app;zodiac.gemini;
Streef naar ± 5 tekens (UI-ruimte).;Leo;Leeuw;;;;;;;;;;;;;;;;;;;;;;;;;;;;;;;;;;;;;;;;;;;;;;;;;;;;;;;;;;;;;;;;;;;;;;;;;;;;app;zodiac.leo;
Streef naar ± 10 tekens (UI-ruimte).;Libra;Weegschaal;;;;;;;;;;;;;;;;;;;;;;;;;;;;;;;;;;;;;;;;;;;;;;;;;;;;;;;;;;;;;;;;;;;;;;;;;;;;app;zodiac.libra;
Streef naar ± 6 tekens (UI-ruimte).;Pisces;Vissen;;;;;;;;;;;;;;;;;;;;;;;;;;;;;;;;;;;;;;;;;;;;;;;;;;;;;;;;;;;;;;;;;;;;;;;;;;;;app;zodiac.pisces;
Streef naar ± 12 tekens (UI-ruimte).;Sagittarius;Boogschutter;;;;;;;;;;;;;;;;;;;;;;;;;;;;;;;;;;;;;;;;;;;;;;;;;;;;;;;;;;;;;;;;;;;;;;;;;;;;app;zodiac.sagittarius;
Streef naar ± 10 tekens (UI-ruimte).;Scorpio;Schorpioen;;;;;;;;;;;;;;;;;;;;;;;;;;;;;;;;;;;;;;;;;;;;;;;;;;;;;;;;;;;;;;;;;;;;;;;;;;;;app;zodiac.scorpio;
Streef naar ± 6 tekens (UI-ruimte).;Taurus;Stier;;;;;;;;;;;;;;;;;;;;;;;;;;;;;;;;;;;;;;;;;;;;;;;;;;;;;;;;;;;;;;;;;;;;;;;;;;;;app;zodiac.taurus;
Streef naar ± 5 tekens (UI-ruimte).;Virgo;Maagd;;;;;;;;;;;;;;;;;;;;;;;;;;;;;;;;;;;;;;;;;;;;;;;;;;;;;;;;;;;;;;;;;;;;;;;;;;;;app;zodiac.virgo;
Behoud speciale tekens: °. Streef naar ± 1 tekens (UI-ruimte). Mogelijk niet vertalen (merknaam/symbool/getal).;°;°;;;;;;;;;;;;;;;;;;;;;;;;;;;;;;;;;;;;;;;;;;;;;;;;;;;;;;;;;;;;;;;;;;;;;;;;;;;;app;°;
Behoud speciale tekens: ·. Streef naar ± 1 tekens (UI-ruimte). Mogelijk niet vertalen (merknaam/symbool/getal).;·;·;;;;;;;;;;;;;;;;;;;;;;;;;;;;;;;;;;;;;;;;;;;;;;;;;;;;;;;;;;;;;;;;;;;;;;;;;;;;app;·;
Behoud de dynamische plaatshouders exact en in dezelfde volgorde: %lld (%@ = tekst, %lld = getal). Niet vertalen. Behoud speciale tekens: ·. Streef naar ± 18 tekens (UI-ruimte).;· reminder %lld;· herinnering %lld;;;;;;;;;;;;;;;;;;;;;;;;;;;;;;;;;;;;;;;;;;;;;;;;;;;;;;;;;;;;;;;;;;;;;;;;;;;;app;· reminder %lld;
Behoud de dynamische plaatshouders exact en in dezelfde volgorde: %@ (%@ = tekst, %lld = getal). Niet vertalen. Behoud speciale tekens: ‘ ’. Streef naar ± 26 tekens (UI-ruimte).;‘%@’ permanently deleted;‘%@’ definitief verwijderd;;;;;;;;;;;;;;;;;;;;;;;;;;;;;;;;;;;;;;;;;;;;;;;;;;;;;;;;;;;;;;;;;;;;;;;;;;;;app;‘%@’ definitief verwijderd;
Behoud de dynamische plaatshouders exact en in dezelfde volgorde: %@ (%@ = tekst, %lld = getal). Niet vertalen. Behoud speciale tekens: ‘ ’. Streef naar ± 15 tekens (UI-ruimte).;‘%@’ restored;‘%@’ teruggezet;;;;;;;;;;;;;;;;;;;;;;;;;;;;;;;;;;;;;;;;;;;;;;;;;;;;;;;;;;;;;;;;;;;;;;;;;;;;app;‘%@’ teruggezet;
Behoud de dynamische plaatshouders exact en in dezelfde volgorde: %@ (%@ = tekst, %lld = getal). Niet vertalen. Behoud speciale tekens: ‘ ’. Streef naar ± 15 tekens (UI-ruimte).;‘%@’ deleted;‘%@’ verwijderd;;;;;;;;;;;;;;;;;;;;;;;;;;;;;;;;;;;;;;;;;;;;;;;;;;;;;;;;;;;;;;;;;;;;;;;;;;;;app;‘%@’ verwijderd;
Behoud speciale tekens: ↓. Streef naar ± 1 tekens (UI-ruimte). Mogelijk niet vertalen (merknaam/symbool/getal).;↓;↓;;;;;;;;;;;;;;;;;;;;;;;;;;;;;;;;;;;;;;;;;;;;;;;;;;;;;;;;;;;;;;;;;;;;;;;;;;;;app;↓;
Behoud de dynamische plaatshouders exact en in dezelfde volgorde: %lld (%@ = tekst, %lld = getal). Niet vertalen. Streef naar ± 4 tekens (UI-ruimte). Mogelijk niet vertalen (merknaam/symbool/getal).;%lld;%lld;;;;;;;;;;;;;;;;;;;;;;;;;;;;;;;;;;;;;;;;;;;;;;;;;;;;;;;;;;;;;;;;;;;;;;;;;;;;widget;%lld;
Behoud de dynamische plaatshouders exact en in dezelfde volgorde: %@, %lld (%@ = tekst, %lld = getal). Niet vertalen. Streef naar ± 10 tekens (UI-ruimte). Mogelijk niet vertalen (merknaam/symbool/getal).;%1$lld%2$@;%1$lld%2$@;;;;;;;;;;;;;;;;;;;;;;;;;;;;;;;;;;;;;;;;;;;;;;;;;;;;;;;;;;;;;;;;;;;;;;;;;;;;widget;%lld%@;
Behoud de dynamische plaatshouders exact en in dezelfde volgorde: %lld (%@ = tekst, %lld = getal). Niet vertalen. Streef naar ± 5 tekens (UI-ruimte). Mogelijk niet vertalen (merknaam/symbool/getal).;%lldd;%lldd;;;;;;;;;;;;;;;;;;;;;;;;;;;;;;;;;;;;;;;;;;;;;;;;;;;;;;;;;;;;;;;;;;;;;;;;;;;;widget;%lldd;
Streef naar ± 1 tekens (UI-ruimte). Mogelijk niet vertalen (merknaam/symbool/getal).;1;1;;;;;;;;;;;;;;;;;;;;;;;;;;;;;;;;;;;;;;;;;;;;;;;;;;;;;;;;;;;;;;;;;;;;;;;;;;;;widget;1;
Streef naar ± 15 tekens (UI-ruimte).;No open tasks;Geen open taken;;;;;;;;;;;;;;;;;;;;;;;;;;;;;;;;;;;;;;;;;;;;;;;;;;;;;;;;;;;;;;;;;;;;;;;;;;;;widget;Geen open taken;
Behoud speciale tekens: ✓. Streef naar ± 17 tekens (UI-ruimte).;No open tasks ✓;Geen open taken ✓;;;;;;;;;;;;;;;;;;;;;;;;;;;;;;;;;;;;;;;;;;;;;;;;;;;;;;;;;;;;;;;;;;;;;;;;;;;;widget;Geen open taken ✓;
Streef naar ± 8 tekens (UI-ruimte).;Calendar;Kalender;;;;;;;;;;;;;;;;;;;;;;;;;;;;;;;;;;;;;;;;;;;;;;;;;;;;;;;;;;;;;;;;;;;;;;;;;;;;widget;Kalender;
Behoud speciale tekens: ✓. Streef naar ± 16 tekens (UI-ruimte).;Clean calendar ✓;Lege agenda ✓;;;;;;;;;;;;;;;;;;;;;;;;;;;;;;;;;;;;;;;;;;;;;;;;;;;;;;;;;;;;;;;;;;;;;;;;;;;;widget;Lege agenda ✓;
Streef naar ± 14 tekens (UI-ruimte).;Add task;Taak toevoegen;;;;;;;;;;;;;;;;;;;;;;;;;;;;;;;;;;;;;;;;;;;;;;;;;;;;;;;;;;;;;;;;;;;;;;;;;;;;widget;Taak toevoegen;
Streef naar ± 5 tekens (UI-ruimte).;Tasks;Taken;;;;;;;;;;;;;;;;;;;;;;;;;;;;;;;;;;;;;;;;;;;;;;;;;;;;;;;;;;;;;;;;;;;;;;;;;;;;widget;Taken;
Streef naar ± 22 tekens (UI-ruimte).;Add to calendar;Toevoegen aan kalender;;;;;;;;;;;;;;;;;;;;;;;;;;;;;;;;;;;;;;;;;;;;;;;;;;;;;;;;;;;;;;;;;;;;;;;;;;;;widget;Toevoegen aan kalender;
Streef naar ± 63 tekens (UI-ruimte).;Automatically shows the next upcoming items from your calendar.;Toont automatisch de eerstvolgende items uit je agenda.;;;;;;;;;;;;;;;;;;;;;;;;;;;;;;;;;;;;;;;;;;;;;;;;;;;;;;;;;;;;;;;;;;;;;;;;;;;;widget;widget.gallery.description;
Streef naar ± 27 tekens (UI-ruimte).;Upcoming calendar items;Eerstvolgende kalenderitems;;;;;;;;;;;;;;;;;;;;;;;;;;;;;;;;;;;;;;;;;;;;;;;;;;;;;;;;;;;;;;;;;;;;;;;;;;;;widget;widget.gallery.name;
Streef naar ± 18 tekens (UI-ruimte).;No upcoming items;Geen komende items;;;;;;;;;;;;;;;;;;;;;;;;;;;;;;;;;;;;;;;;;;;;;;;;;;;;;;;;;;;;;;;;;;;;;;;;;;;;widget;widget.noUpcomingItems;
